,dates,weekday,end_of_week,end_of_month
0,2012-05-29,1,False,False
1,2012-05-30,2,False,False
2,2012-05-31,3,False,True
3,2012-06-01,4,True,False
4,2012-06-04,0,False,False
5,2012-06-05,1,False,False
6,2012-06-06,2,False,False
7,2012-06-07,3,False,False
8,2012-06-08,4,True,False
9,2012-06-11,0,False,False
10,2012-06-12,1,False,False
11,2012-06-13,2,False,False
12,2012-06-14,3,False,False
13,2012-06-15,4,True,False
14,2012-06-18,0,False,False
15,2012-06-19,1,False,False
16,2012-06-20,2,False,False
17,2012-06-21,3,False,False
18,2012-06-22,4,True,False
19,2012-06-25,0,False,False
20,2012-06-26,1,False,False
21,2012-06-27,2,False,False
22,2012-06-28,3,False,False
23,2012-06-29,4,True,True
24,2012-07-02,0,False,False
25,2012-07-03,1,False,False
26,2012-07-05,3,False,False
27,2012-07-06,4,True,False
28,2012-07-09,0,False,False
29,2012-07-10,1,False,False
30,2012-07-11,2,False,False
31,2012-07-12,3,False,False
32,2012-07-13,4,True,False
33,2012-07-16,0,False,False
34,2012-07-17,1,False,False
35,2012-07-18,2,False,False
36,2012-07-19,3,False,False
37,2012-07-20,4,True,False
38,2012-07-23,0,False,False
39,2012-07-24,1,False,False
40,2012-07-25,2,False,False
41,2012-07-26,3,False,False
42,2012-07-27,4,True,False
43,2012-07-30,0,False,False
44,2012-07-31,1,False,True
45,2012-08-01,2,False,False
46,2012-08-02,3,False,False
47,2012-08-03,4,True,False
48,2012-08-06,0,False,False
49,2012-08-07,1,False,False
50,2012-08-08,2,False,False
51,2012-08-09,3,False,False
52,2012-08-10,4,True,False
53,2012-08-13,0,False,False
54,2012-08-14,1,False,False
55,2012-08-15,2,False,False
56,2012-08-16,3,False,False
57,2012-08-17,4,True,False
58,2012-08-20,0,False,False
59,2012-08-21,1,False,False
60,2012-08-22,2,False,False
61,2012-08-23,3,False,False
62,2012-08-24,4,True,False
63,2012-08-27,0,False,False
64,2012-08-28,1,False,False
65,2012-08-29,2,False,False
66,2012-08-30,3,False,False
67,2012-08-31,4,True,True
68,2012-09-04,1,False,False
69,2012-09-05,2,False,False
70,2012-09-06,3,False,False
71,2012-09-07,4,True,False
72,2012-09-10,0,False,False
73,2012-09-11,1,False,False
74,2012-09-12,2,False,False
75,2012-09-13,3,False,False
76,2012-09-14,4,True,False
77,2012-09-17,0,False,False
78,2012-09-18,1,False,False
79,2012-09-19,2,False,False
80,2012-09-20,3,False,False
81,2012-09-21,4,True,False
82,2012-09-24,0,False,False
83,2012-09-25,1,False,False
84,2012-09-26,2,False,False
85,2012-09-27,3,False,False
86,2012-09-28,4,True,True
87,2012-10-01,0,False,False
88,2012-10-02,1,False,False
89,2012-10-03,2,False,False
90,2012-10-04,3,False,False
91,2012-10-05,4,True,False
92,2012-10-08,0,False,False
93,2012-10-09,1,False,False
94,2012-10-10,2,False,False
95,2012-10-11,3,False,False
96,2012-10-12,4,True,False
97,2012-10-15,0,False,False
98,2012-10-16,1,False,False
99,2012-10-17,2,False,False
100,2012-10-18,3,False,False
101,2012-10-19,4,True,False
102,2012-10-22,0,False,False
103,2012-10-23,1,False,False
104,2012-10-24,2,False,False
105,2012-10-25,3,False,False
106,2012-10-26,4,True,False
107,2012-10-31,2,False,True
108,2012-11-01,3,False,False
109,2012-11-02,4,True,False
110,2012-11-05,0,False,False
111,2012-11-06,1,False,False
112,2012-11-07,2,False,False
113,2012-11-08,3,False,False
114,2012-11-09,4,True,False
115,2012-11-12,0,False,False
116,2012-11-13,1,False,False
117,2012-11-14,2,False,False
118,2012-11-15,3,False,False
119,2012-11-16,4,True,False
120,2012-11-19,0,False,False
121,2012-11-20,1,False,False
122,2012-11-21,2,False,False
123,2012-11-23,4,True,False
124,2012-11-26,0,False,False
125,2012-11-27,1,False,False
126,2012-11-28,2,False,False
127,2012-11-29,3,False,False
128,2012-11-30,4,True,True
129,2012-12-03,0,False,False
130,2012-12-04,1,False,False
131,2012-12-05,2,False,False
132,2012-12-06,3,False,False
133,2012-12-07,4,True,False
134,2012-12-10,0,False,False
135,2012-12-11,1,False,False
136,2012-12-12,2,False,False
137,2012-12-13,3,False,False
138,2012-12-14,4,True,False
139,2012-12-17,0,False,False
140,2012-12-18,1,False,False
141,2012-12-19,2,False,False
142,2012-12-20,3,False,False
143,2012-12-21,4,True,False
144,2012-12-24,0,False,False
145,2012-12-26,2,False,False
146,2012-12-27,3,False,False
147,2012-12-28,4,True,False
148,2012-12-31,0,False,True
149,2013-01-02,2,False,False
150,2013-01-03,3,False,False
151,2013-01-04,4,True,False
152,2013-01-07,0,False,False
153,2013-01-08,1,False,False
154,2013-01-09,2,False,False
155,2013-01-10,3,False,False
156,2013-01-11,4,True,False
157,2013-01-14,0,False,False
158,2013-01-15,1,False,False
159,2013-01-16,2,False,False
160,2013-01-17,3,False,False
161,2013-01-18,4,True,False
162,2013-01-22,1,False,False
163,2013-01-23,2,False,False
164,2013-01-24,3,False,False
165,2013-01-25,4,True,False
166,2013-01-28,0,False,False
167,2013-01-29,1,False,False
168,2013-01-30,2,False,False
169,2013-01-31,3,False,True
170,2013-02-01,4,True,False
171,2013-02-04,0,False,False
172,2013-02-05,1,False,False
173,2013-02-06,2,False,False
174,2013-02-07,3,False,False
175,2013-02-08,4,True,False
176,2013-02-11,0,False,False
177,2013-02-12,1,False,False
178,2013-02-13,2,False,False
179,2013-02-14,3,False,False
180,2013-02-15,4,True,False
181,2013-02-19,1,False,False
182,2013-02-20,2,False,False
183,2013-02-21,3,False,False
184,2013-02-22,4,True,False
185,2013-02-25,0,False,False
186,2013-02-26,1,False,False
187,2013-02-27,2,False,False
188,2013-02-28,3,False,True
189,2013-03-01,4,True,False
190,2013-03-04,0,False,False
191,2013-03-05,1,False,False
192,2013-03-06,2,False,False
193,2013-03-07,3,False,False
194,2013-03-08,4,True,False
195,2013-03-11,0,False,False
196,2013-03-12,1,False,False
197,2013-03-13,2,False,False
198,2013-03-14,3,False,False
199,2013-03-15,4,True,False
200,2013-03-18,0,False,False
201,2013-03-19,1,False,False
202,2013-03-20,2,False,False
203,2013-03-21,3,False,False
204,2013-03-22,4,True,False
205,2013-03-25,0,False,False
206,2013-03-26,1,False,False
207,2013-03-27,2,False,False
208,2013-03-28,3,False,True
209,2013-04-01,0,False,False
210,2013-04-02,1,False,False
211,2013-04-03,2,False,False
212,2013-04-04,3,False,False
213,2013-04-05,4,True,False
214,2013-04-08,0,False,False
215,2013-04-09,1,False,False
216,2013-04-10,2,False,False
217,2013-04-11,3,False,False
218,2013-04-12,4,True,False
219,2013-04-15,0,False,False
220,2013-04-16,1,False,False
221,2013-04-17,2,False,False
222,2013-04-18,3,False,False
223,2013-04-19,4,True,False
224,2013-04-22,0,False,False
225,2013-04-23,1,False,False
226,2013-04-24,2,False,False
227,2013-04-25,3,False,False
228,2013-04-26,4,True,False
229,2013-04-29,0,False,False
230,2013-04-30,1,False,True
231,2013-05-01,2,False,False
232,2013-05-02,3,False,False
233,2013-05-03,4,True,False
234,2013-05-06,0,False,False
235,2013-05-07,1,False,False
236,2013-05-08,2,False,False
237,2013-05-09,3,False,False
238,2013-05-10,4,True,False
239,2013-05-13,0,False,False
240,2013-05-14,1,False,False
241,2013-05-15,2,False,False
242,2013-05-16,3,False,False
243,2013-05-17,4,True,False
244,2013-05-20,0,False,False
245,2013-05-21,1,False,False
246,2013-05-22,2,False,False
247,2013-05-23,3,False,False
248,2013-05-24,4,True,False
249,2013-05-28,1,False,False
250,2013-05-29,2,False,False
251,2013-05-30,3,False,False
252,2013-05-31,4,True,True
253,2013-06-03,0,False,False
254,2013-06-04,1,False,False
255,2013-06-05,2,False,False
256,2013-06-06,3,False,False
257,2013-06-07,4,True,False
258,2013-06-10,0,False,False
259,2013-06-11,1,False,False
260,2013-06-12,2,False,False
261,2013-06-13,3,False,False
262,2013-06-14,4,True,False
263,2013-06-17,0,False,False
264,2013-06-18,1,False,False
265,2013-06-19,2,False,False
266,2013-06-20,3,False,False
267,2013-06-21,4,True,False
268,2013-06-24,0,False,False
269,2013-06-25,1,False,False
270,2013-06-26,2,False,False
271,2013-06-27,3,False,False
272,2013-06-28,4,True,True
273,2013-07-01,0,False,False
274,2013-07-02,1,False,False
275,2013-07-03,2,False,False
276,2013-07-05,4,True,False
277,2013-07-08,0,False,False
278,2013-07-09,1,False,False
279,2013-07-10,2,False,False
280,2013-07-11,3,False,False
281,2013-07-12,4,True,False
282,2013-07-15,0,False,False
283,2013-07-16,1,False,False
284,2013-07-17,2,False,False
285,2013-07-18,3,False,False
286,2013-07-19,4,True,False
287,2013-07-22,0,False,False
288,2013-07-23,1,False,False
289,2013-07-24,2,False,False
290,2013-07-25,3,False,False
291,2013-07-26,4,True,False
292,2013-07-29,0,False,False
293,2013-07-30,1,False,False
294,2013-07-31,2,False,True
295,2013-08-01,3,False,False
296,2013-08-02,4,True,False
297,2013-08-05,0,False,False
298,2013-08-06,1,False,False
299,2013-08-07,2,False,False
300,2013-08-08,3,False,False
301,2013-08-09,4,True,False
302,2013-08-12,0,False,False
303,2013-08-13,1,False,False
304,2013-08-14,2,False,False
305,2013-08-15,3,False,False
306,2013-08-16,4,True,False
307,2013-08-19,0,False,False
308,2013-08-20,1,False,False
309,2013-08-21,2,False,False
310,2013-08-22,3,False,False
311,2013-08-23,4,True,False
312,2013-08-26,0,False,False
313,2013-08-27,1,False,False
314,2013-08-28,2,False,False
315,2013-08-29,3,False,False
316,2013-08-30,4,True,True
317,2013-09-03,1,False,False
318,2013-09-04,2,False,False
319,2013-09-05,3,False,False
320,2013-09-06,4,True,False
321,2013-09-09,0,False,False
322,2013-09-10,1,False,False
323,2013-09-11,2,False,False
324,2013-09-12,3,False,False
325,2013-09-13,4,True,False
326,2013-09-16,0,False,False
327,2013-09-17,1,False,False
328,2013-09-18,2,False,False
329,2013-09-19,3,False,False
330,2013-09-20,4,True,False
331,2013-09-23,0,False,False
332,2013-09-24,1,False,False
333,2013-09-25,2,False,False
334,2013-09-26,3,False,False
335,2013-09-27,4,True,False
336,2013-09-30,0,False,True
337,2013-10-01,1,False,False
338,2013-10-02,2,False,False
339,2013-10-03,3,False,False
340,2013-10-04,4,True,False
341,2013-10-07,0,False,False
342,2013-10-08,1,False,False
343,2013-10-09,2,False,False
344,2013-10-10,3,False,False
345,2013-10-11,4,True,False
346,2013-10-14,0,False,False
347,2013-10-15,1,False,False
348,2013-10-16,2,False,False
349,2013-10-17,3,False,False
350,2013-10-18,4,True,False
351,2013-10-21,0,False,False
352,2013-10-22,1,False,False
353,2013-10-23,2,False,False
354,2013-10-24,3,False,False
355,2013-10-25,4,True,False
356,2013-10-28,0,False,False
357,2013-10-29,1,False,False
358,2013-10-30,2,False,False
359,2013-10-31,3,False,True
360,2013-11-01,4,True,False
361,2013-11-04,0,False,False
362,2013-11-05,1,False,False
363,2013-11-06,2,False,False
364,2013-11-07,3,False,False
365,2013-11-08,4,True,False
366,2013-11-11,0,False,False
367,2013-11-12,1,False,False
368,2013-11-13,2,False,False
369,2013-11-14,3,False,False
370,2013-11-15,4,True,False
371,2013-11-18,0,False,False
372,2013-11-19,1,False,False
373,2013-11-20,2,False,False
374,2013-11-21,3,False,False
375,2013-11-22,4,True,False
376,2013-11-25,0,False,False
377,2013-11-26,1,False,False
378,2013-11-27,2,False,False
379,2013-11-29,4,True,True
380,2013-12-02,0,False,False
381,2013-12-03,1,False,False
382,2013-12-04,2,False,False
383,2013-12-05,3,False,False
384,2013-12-06,4,True,False
385,2013-12-09,0,False,False
386,2013-12-10,1,False,False
387,2013-12-11,2,False,False
388,2013-12-12,3,False,False
389,2013-12-13,4,True,False
390,2013-12-16,0,False,False
391,2013-12-17,1,False,False
392,2013-12-18,2,False,False
393,2013-12-19,3,False,False
394,2013-12-20,4,True,False
395,2013-12-23,0,False,False
396,2013-12-24,1,False,False
397,2013-12-26,3,False,False
398,2013-12-27,4,True,False
399,2013-12-30,0,False,False
400,2013-12-31,1,False,True
401,2014-01-02,3,False,False
402,2014-01-03,4,True,False
403,2014-01-06,0,False,False
404,2014-01-07,1,False,False
405,2014-01-08,2,False,False
406,2014-01-09,3,False,False
407,2014-01-10,4,True,False
408,2014-01-13,0,False,False
409,2014-01-14,1,False,False
410,2014-01-15,2,False,False
411,2014-01-16,3,False,False
412,2014-01-17,4,True,False
413,2014-01-21,1,False,False
414,2014-01-22,2,False,False
415,2014-01-23,3,False,False
416,2014-01-24,4,True,False
417,2014-01-27,0,False,False
418,2014-01-28,1,False,False
419,2014-01-29,2,False,False
420,2014-01-30,3,False,False
421,2014-01-31,4,True,True
422,2014-02-03,0,False,False
423,2014-02-04,1,False,False
424,2014-02-05,2,False,False
425,2014-02-06,3,False,False
426,2014-02-07,4,True,False
427,2014-02-10,0,False,False
428,2014-02-11,1,False,False
429,2014-02-12,2,False,False
430,2014-02-13,3,False,False
431,2014-02-14,4,True,False
432,2014-02-18,1,False,False
433,2014-02-19,2,False,False
434,2014-02-20,3,False,False
435,2014-02-21,4,True,False
436,2014-02-24,0,False,False
437,2014-02-25,1,False,False
438,2014-02-26,2,False,False
439,2014-02-27,3,False,False
440,2014-02-28,4,True,True
441,2014-03-03,0,False,False
442,2014-03-04,1,False,False
443,2014-03-05,2,False,False
444,2014-03-06,3,False,False
445,2014-03-07,4,True,False
446,2014-03-10,0,False,False
447,2014-03-11,1,False,False
448,2014-03-12,2,False,False
449,2014-03-13,3,False,False
450,2014-03-14,4,True,False
451,2014-03-17,0,False,False
452,2014-03-18,1,False,False
453,2014-03-19,2,False,False
454,2014-03-20,3,False,False
455,2014-03-21,4,True,False
456,2014-03-24,0,False,False
457,2014-03-25,1,False,False
458,2014-03-26,2,False,False
459,2014-03-27,3,False,False
460,2014-03-28,4,True,False
461,2014-03-31,0,False,True
462,2014-04-01,1,False,False
463,2014-04-02,2,False,False
464,2014-04-03,3,False,False
465,2014-04-04,4,True,False
466,2014-04-07,0,False,False
467,2014-04-08,1,False,False
468,2014-04-09,2,False,False
469,2014-04-10,3,False,False
470,2014-04-11,4,True,False
471,2014-04-14,0,False,False
472,2014-04-15,1,False,False
473,2014-04-16,2,False,False
474,2014-04-17,3,False,False
475,2014-04-21,0,False,False
476,2014-04-22,1,False,False
477,2014-04-23,2,False,False
478,2014-04-24,3,False,False
479,2014-04-25,4,True,False
480,2014-04-28,0,False,False
481,2014-04-29,1,False,False
482,2014-04-30,2,False,True
483,2014-05-01,3,False,False
484,2014-05-02,4,True,False
485,2014-05-05,0,False,False
486,2014-05-06,1,False,False
487,2014-05-07,2,False,False
488,2014-05-08,3,False,False
489,2014-05-09,4,True,False
490,2014-05-12,0,False,False
491,2014-05-13,1,False,False
492,2014-05-14,2,False,False
493,2014-05-15,3,False,False
494,2014-05-16,4,True,False
495,2014-05-19,0,False,False
496,2014-05-20,1,False,False
497,2014-05-21,2,False,False
498,2014-05-22,3,False,False
499,2014-05-23,4,True,False
500,2014-05-27,1,False,False
501,2014-05-28,2,False,False
502,2014-05-29,3,False,False
503,2014-05-30,4,True,True
504,2014-06-02,0,False,False
505,2014-06-03,1,False,False
506,2014-06-04,2,False,False
507,2014-06-05,3,False,False
508,2014-06-06,4,True,False
509,2014-06-09,0,False,False
510,2014-06-10,1,False,False
511,2014-06-11,2,False,False
512,2014-06-12,3,False,False
513,2014-06-13,4,True,False
514,2014-06-16,0,False,False
515,2014-06-17,1,False,False
516,2014-06-18,2,False,False
517,2014-06-19,3,False,False
518,2014-06-20,4,True,False
519,2014-06-23,0,False,False
520,2014-06-24,1,False,False
521,2014-06-25,2,False,False
522,2014-06-26,3,False,False
523,2014-06-27,4,True,False
524,2014-06-30,0,False,True
525,2014-07-01,1,False,False
526,2014-07-02,2,False,False
527,2014-07-03,3,False,False
528,2014-07-07,0,False,False
529,2014-07-08,1,False,False
530,2014-07-09,2,False,False
531,2014-07-10,3,False,False
532,2014-07-11,4,True,False
533,2014-07-14,0,False,False
534,2014-07-15,1,False,False
535,2014-07-16,2,False,False
536,2014-07-17,3,False,False
537,2014-07-18,4,True,False
538,2014-07-21,0,False,False
539,2014-07-22,1,False,False
540,2014-07-23,2,False,False
541,2014-07-24,3,False,False
542,2014-07-25,4,True,False
543,2014-07-28,0,False,False
544,2014-07-29,1,False,False
545,2014-07-30,2,False,False
546,2014-07-31,3,False,True
547,2014-08-01,4,True,False
548,2014-08-04,0,False,False
549,2014-08-05,1,False,False
550,2014-08-06,2,False,False
551,2014-08-07,3,False,False
552,2014-08-08,4,True,False
553,2014-08-11,0,False,False
554,2014-08-12,1,False,False
555,2014-08-13,2,False,False
556,2014-08-14,3,False,False
557,2014-08-15,4,True,False
558,2014-08-18,0,False,False
559,2014-08-19,1,False,False
560,2014-08-20,2,False,False
561,2014-08-21,3,False,False
562,2014-08-22,4,True,False
563,2014-08-25,0,False,False
564,2014-08-26,1,False,False
565,2014-08-27,2,False,False
566,2014-08-28,3,False,False
567,2014-08-29,4,True,True
568,2014-09-02,1,False,False
569,2014-09-03,2,False,False
570,2014-09-04,3,False,False
571,2014-09-05,4,True,False
572,2014-09-08,0,False,False
573,2014-09-09,1,False,False
574,2014-09-10,2,False,False
575,2014-09-11,3,False,False
576,2014-09-12,4,True,False
577,2014-09-15,0,False,False
578,2014-09-16,1,False,False
579,2014-09-17,2,False,False
580,2014-09-18,3,False,False
581,2014-09-19,4,True,False
582,2014-09-22,0,False,False
583,2014-09-23,1,False,False
584,2014-09-24,2,False,False
585,2014-09-25,3,False,False
586,2014-09-26,4,True,False
587,2014-09-29,0,False,False
588,2014-09-30,1,False,True
589,2014-10-01,2,False,False
590,2014-10-02,3,False,False
591,2014-10-03,4,True,False
592,2014-10-06,0,False,False
593,2014-10-07,1,False,False
594,2014-10-08,2,False,False
595,2014-10-09,3,False,False
596,2014-10-10,4,True,False
597,2014-10-13,0,False,False
598,2014-10-14,1,False,False
599,2014-10-15,2,False,False
600,2014-10-16,3,False,False
601,2014-10-17,4,True,False
602,2014-10-20,0,False,False
603,2014-10-21,1,False,False
604,2014-10-22,2,False,False
605,2014-10-23,3,False,False
606,2014-10-24,4,True,False
607,2014-10-27,0,False,False
608,2014-10-28,1,False,False
609,2014-10-29,2,False,False
610,2014-10-30,3,False,False
611,2014-10-31,4,True,True
612,2014-11-03,0,False,False
613,2014-11-04,1,False,False
614,2014-11-05,2,False,False
615,2014-11-06,3,False,False
616,2014-11-07,4,True,False
617,2014-11-10,0,False,False
618,2014-11-11,1,False,False
619,2014-11-12,2,False,False
620,2014-11-13,3,False,False
621,2014-11-14,4,True,False
622,2014-11-17,0,False,False
623,2014-11-18,1,False,False
624,2014-11-19,2,False,False
625,2014-11-20,3,False,False
626,2014-11-21,4,True,False
627,2014-11-24,0,False,False
628,2014-11-25,1,False,False
629,2014-11-26,2,False,False
630,2014-11-28,4,True,True
631,2014-12-01,0,False,False
632,2014-12-02,1,False,False
633,2014-12-03,2,False,False
634,2014-12-04,3,False,False
635,2014-12-05,4,True,False
636,2014-12-08,0,False,False
637,2014-12-09,1,False,False
638,2014-12-10,2,False,False
639,2014-12-11,3,False,False
640,2014-12-12,4,True,False
641,2014-12-15,0,False,False
642,2014-12-16,1,False,False
643,2014-12-17,2,False,False
644,2014-12-18,3,False,False
645,2014-12-19,4,True,False
646,2014-12-22,0,False,False
647,2014-12-23,1,False,False
648,2014-12-24,2,False,False
649,2014-12-26,4,True,False
650,2014-12-29,0,False,False
651,2014-12-30,1,False,False
652,2014-12-31,2,False,True
653,2015-01-02,4,True,False
654,2015-01-05,0,False,False
655,2015-01-06,1,False,False
656,2015-01-07,2,False,False
657,2015-01-08,3,False,False
658,2015-01-09,4,True,False
659,2015-01-12,0,False,False
660,2015-01-13,1,False,False
661,2015-01-14,2,False,False
662,2015-01-15,3,False,False
663,2015-01-16,4,True,False
664,2015-01-20,1,False,False
665,2015-01-21,2,False,False
666,2015-01-22,3,False,False
667,2015-01-23,4,True,False
668,2015-01-26,0,False,False
669,2015-01-27,1,False,False
670,2015-01-28,2,False,False
671,2015-01-29,3,False,False
672,2015-01-30,4,True,True
673,2015-02-02,0,False,False
674,2015-02-03,1,False,False
675,2015-02-04,2,False,False
676,2015-02-05,3,False,False
677,2015-02-06,4,True,False
678,2015-02-09,0,False,False
679,2015-02-10,1,False,False
680,2015-02-11,2,False,False
681,2015-02-12,3,False,False
682,2015-02-13,4,True,False
683,2015-02-17,1,False,False
684,2015-02-18,2,False,False
685,2015-02-19,3,False,False
686,2015-02-20,4,True,False
687,2015-02-23,0,False,False
688,2015-02-24,1,False,False
689,2015-02-25,2,False,False
690,2015-02-26,3,False,False
691,2015-02-27,4,True,True
692,2015-03-02,0,False,False
693,2015-03-03,1,False,False
694,2015-03-04,2,False,False
695,2015-03-05,3,False,False
696,2015-03-06,4,True,False
697,2015-03-09,0,False,False
698,2015-03-10,1,False,False
699,2015-03-11,2,False,False
700,2015-03-12,3,False,False
701,2015-03-13,4,True,False
702,2015-03-16,0,False,False
703,2015-03-17,1,False,False
704,2015-03-18,2,False,False
705,2015-03-19,3,False,False
706,2015-03-20,4,True,False
707,2015-03-23,0,False,False
708,2015-03-24,1,False,False
709,2015-03-25,2,False,False
710,2015-03-26,3,False,False
711,2015-03-27,4,True,False
712,2015-03-30,0,False,False
713,2015-03-31,1,False,True
714,2015-04-01,2,False,False
715,2015-04-02,3,False,False
716,2015-04-06,0,False,False
717,2015-04-07,1,False,False
718,2015-04-08,2,False,False
719,2015-04-09,3,False,False
720,2015-04-10,4,True,False
721,2015-04-13,0,False,False
722,2015-04-14,1,False,False
723,2015-04-15,2,False,False
724,2015-04-16,3,False,False
725,2015-04-17,4,True,False
726,2015-04-20,0,False,False
727,2015-04-21,1,False,False
728,2015-04-22,2,False,False
729,2015-04-23,3,False,False
730,2015-04-24,4,True,False
731,2015-04-27,0,False,False
732,2015-04-28,1,False,False
733,2015-04-29,2,False,False
734,2015-04-30,3,False,True
735,2015-05-01,4,True,False
736,2015-05-04,0,False,False
737,2015-05-05,1,False,False
738,2015-05-06,2,False,False
739,2015-05-07,3,False,False
740,2015-05-08,4,True,False
741,2015-05-11,0,False,False
742,2015-05-12,1,False,False
743,2015-05-13,2,False,False
744,2015-05-14,3,False,False
745,2015-05-15,4,True,False
746,2015-05-18,0,False,False
747,2015-05-19,1,False,False
748,2015-05-20,2,False,False
749,2015-05-21,3,False,False
750,2015-05-22,4,True,False
751,2015-05-26,1,False,False
752,2015-05-27,2,False,False
753,2015-05-28,3,False,False
754,2015-05-29,4,True,True
755,2015-06-01,0,False,False
756,2015-06-02,1,False,False
757,2015-06-03,2,False,False
758,2015-06-04,3,False,False
759,2015-06-05,4,True,False
760,2015-06-08,0,False,False
761,2015-06-09,1,False,False
762,2015-06-10,2,False,False
763,2015-06-11,3,False,False
764,2015-06-12,4,True,False
765,2015-06-15,0,False,False
766,2015-06-16,1,False,False
767,2015-06-17,2,False,False
768,2015-06-18,3,False,False
769,2015-06-19,4,True,False
770,2015-06-22,0,False,False
771,2015-06-23,1,False,False
772,2015-06-24,2,False,False
773,2015-06-25,3,False,False
774,2015-06-26,4,True,False
775,2015-06-29,0,False,False
776,2015-06-30,1,False,True
777,2015-07-01,2,False,False
778,2015-07-02,3,False,False
779,2015-07-06,0,False,False
780,2015-07-07,1,False,False
781,2015-07-08,2,False,False
782,2015-07-09,3,False,False
783,2015-07-10,4,True,False
784,2015-07-13,0,False,False
785,2015-07-14,1,False,False
786,2015-07-15,2,False,False
787,2015-07-16,3,False,False
788,2015-07-17,4,True,False
789,2015-07-20,0,False,False
790,2015-07-21,1,False,False
791,2015-07-22,2,False,False
792,2015-07-23,3,False,False
793,2015-07-24,4,True,False
794,2015-07-27,0,False,False
795,2015-07-28,1,False,False
796,2015-07-29,2,False,False
797,2015-07-30,3,False,False
798,2015-07-31,4,True,True
799,2015-08-03,0,False,False
800,2015-08-04,1,False,False
801,2015-08-05,2,False,False
802,2015-08-06,3,False,False
803,2015-08-07,4,True,False
804,2015-08-10,0,False,False
805,2015-08-11,1,False,False
806,2015-08-12,2,False,False
807,2015-08-13,3,False,False
808,2015-08-14,4,True,False
809,2015-08-17,0,False,False
810,2015-08-18,1,False,False
811,2015-08-19,2,False,False
812,2015-08-20,3,False,False
813,2015-08-21,4,True,False
814,2015-08-24,0,False,False
815,2015-08-25,1,False,False
816,2015-08-26,2,False,False
817,2015-08-27,3,False,False
818,2015-08-28,4,True,False
819,2015-08-31,0,False,True
820,2015-09-01,1,False,False
821,2015-09-02,2,False,False
822,2015-09-03,3,False,False
823,2015-09-04,4,True,False
824,2015-09-08,1,False,False
825,2015-09-09,2,False,False
826,2015-09-10,3,False,False
827,2015-09-11,4,True,False
828,2015-09-14,0,False,False
829,2015-09-15,1,False,False
830,2015-09-16,2,False,False
831,2015-09-17,3,False,False
832,2015-09-18,4,True,False
833,2015-09-21,0,False,False
834,2015-09-22,1,False,False
835,2015-09-23,2,False,False
836,2015-09-24,3,False,False
837,2015-09-25,4,True,False
838,2015-09-28,0,False,False
839,2015-09-29,1,False,False
840,2015-09-30,2,False,True
841,2015-10-01,3,False,False
842,2015-10-02,4,True,False
843,2015-10-05,0,False,False
844,2015-10-06,1,False,False
845,2015-10-07,2,False,False
846,2015-10-08,3,False,False
847,2015-10-09,4,True,False
848,2015-10-12,0,False,False
849,2015-10-13,1,False,False
850,2015-10-14,2,False,False
851,2015-10-15,3,False,False
852,2015-10-16,4,True,False
853,2015-10-19,0,False,False
854,2015-10-20,1,False,False
855,2015-10-21,2,False,False
856,2015-10-22,3,False,False
857,2015-10-23,4,True,False
858,2015-10-26,0,False,False
859,2015-10-27,1,False,False
860,2015-10-28,2,False,False
861,2015-10-29,3,False,False
862,2015-10-30,4,True,True
863,2015-11-02,0,False,False
864,2015-11-03,1,False,False
865,2015-11-04,2,False,False
866,2015-11-05,3,False,False
867,2015-11-06,4,True,False
868,2015-11-09,0,False,False
869,2015-11-10,1,False,False
870,2015-11-11,2,False,False
871,2015-11-12,3,False,False
872,2015-11-13,4,True,False
873,2015-11-16,0,False,False
874,2015-11-17,1,False,False
875,2015-11-18,2,False,False
876,2015-11-19,3,False,False
877,2015-11-20,4,True,False
878,2015-11-23,0,False,False
879,2015-11-24,1,False,False
880,2015-11-25,2,False,False
881,2015-11-27,4,True,False
882,2015-11-30,0,False,True
883,2015-12-01,1,False,False
884,2015-12-02,2,False,False
885,2015-12-03,3,False,False
886,2015-12-04,4,True,False
887,2015-12-07,0,False,False
888,2015-12-08,1,False,False
889,2015-12-09,2,False,False
890,2015-12-10,3,False,False
891,2015-12-11,4,True,False
892,2015-12-14,0,False,False
893,2015-12-15,1,False,False
894,2015-12-16,2,False,False
895,2015-12-17,3,False,False
896,2015-12-18,4,True,False
897,2015-12-21,0,False,False
898,2015-12-22,1,False,False
899,2015-12-23,2,False,False
900,2015-12-24,3,False,False
901,2015-12-28,0,False,False
902,2015-12-29,1,False,False
903,2015-12-30,2,False,False
904,2015-12-31,3,False,True
905,2016-01-04,0,False,False
906,2016-01-05,1,False,False
907,2016-01-06,2,False,False
908,2016-01-07,3,False,False
909,2016-01-08,4,True,False
910,2016-01-11,0,False,False
911,2016-01-12,1,False,False
912,2016-01-13,2,False,False
913,2016-01-14,3,False,False
914,2016-01-15,4,True,False
915,2016-01-19,1,False,False
916,2016-01-20,2,False,False
917,2016-01-21,3,False,False
918,2016-01-22,4,True,False
919,2016-01-25,0,False,False
920,2016-01-26,1,False,False
921,2016-01-27,2,False,False
922,2016-01-28,3,False,False
923,2016-01-29,4,True,True
924,2016-02-01,0,False,False
925,2016-02-02,1,False,False
926,2016-02-03,2,False,False
927,2016-02-04,3,False,False
928,2016-02-05,4,True,False
929,2016-02-08,0,False,False
930,2016-02-09,1,False,False
931,2016-02-10,2,False,False
932,2016-02-11,3,False,False
933,2016-02-12,4,True,False
934,2016-02-16,1,False,False
935,2016-02-17,2,False,False
936,2016-02-18,3,False,False
937,2016-02-19,4,True,False
938,2016-02-22,0,False,False
939,2016-02-23,1,False,False
940,2016-02-24,2,False,False
941,2016-02-25,3,False,False
942,2016-02-26,4,True,False
943,2016-02-29,0,False,True
944,2016-03-01,1,False,False
945,2016-03-02,2,False,False
946,2016-03-03,3,False,False
947,2016-03-04,4,True,False
948,2016-03-07,0,False,False
949,2016-03-08,1,False,False
950,2016-03-09,2,False,False
951,2016-03-10,3,False,False
952,2016-03-11,4,True,False
953,2016-03-14,0,False,False
954,2016-03-15,1,False,False
955,2016-03-16,2,False,False
956,2016-03-17,3,False,False
957,2016-03-18,4,True,False
958,2016-03-21,0,False,False
959,2016-03-22,1,False,False
960,2016-03-23,2,False,False
961,2016-03-24,3,False,False
962,2016-03-28,0,False,False
963,2016-03-29,1,False,False
964,2016-03-30,2,False,False
965,2016-03-31,3,False,True
966,2016-04-01,4,True,False
967,2016-04-04,0,False,False
968,2016-04-05,1,False,False
969,2016-04-06,2,False,False
970,2016-04-07,3,False,False
971,2016-04-08,4,True,False
972,2016-04-11,0,False,False
973,2016-04-12,1,False,False
974,2016-04-13,2,False,False
975,2016-04-14,3,False,False
976,2016-04-15,4,True,False
977,2016-04-18,0,False,False
978,2016-04-19,1,False,False
979,2016-04-20,2,False,False
980,2016-04-21,3,False,False
981,2016-04-22,4,True,False
982,2016-04-25,0,False,False
983,2016-04-26,1,False,False
984,2016-04-27,2,False,False
985,2016-04-28,3,False,False
986,2016-04-29,4,True,True
987,2016-05-02,0,False,False
988,2016-05-03,1,False,False
989,2016-05-04,2,False,False
990,2016-05-05,3,False,False
991,2016-05-06,4,True,False
992,2016-05-09,0,False,False
993,2016-05-10,1,False,False
994,2016-05-11,2,False,False
995,2016-05-12,3,False,False
996,2016-05-13,4,True,False
997,2016-05-16,0,False,False
998,2016-05-17,1,False,False
999,2016-05-18,2,False,False
1000,2016-05-19,3,False,False
1001,2016-05-20,4,True,False
1002,2016-05-23,0,False,False
1003,2016-05-24,1,False,False
1004,2016-05-25,2,False,False
1005,2016-05-26,3,False,False
1006,2016-05-27,4,True,False
1007,2016-05-31,1,False,True
1008,2016-06-01,2,False,False
1009,2016-06-02,3,False,False
1010,2016-06-03,4,True,False
1011,2016-06-06,0,False,False
1012,2016-06-07,1,False,False
1013,2016-06-08,2,False,False
1014,2016-06-09,3,False,False
1015,2016-06-10,4,True,False
1016,2016-06-13,0,False,False
1017,2016-06-14,1,False,False
1018,2016-06-15,2,False,False
1019,2016-06-16,3,False,False
1020,2016-06-17,4,True,False
1021,2016-06-20,0,False,False
1022,2016-06-21,1,False,False
1023,2016-06-22,2,False,False
1024,2016-06-23,3,False,False
1025,2016-06-24,4,True,False
1026,2016-06-27,0,False,False
1027,2016-06-28,1,False,False
1028,2016-06-29,2,False,False
1029,2016-06-30,3,False,True
1030,2016-07-01,4,True,False
1031,2016-07-05,1,False,False
1032,2016-07-06,2,False,False
1033,2016-07-07,3,False,False
1034,2016-07-08,4,True,False
1035,2016-07-11,0,False,False
1036,2016-07-12,1,False,False
1037,2016-07-13,2,False,False
1038,2016-07-14,3,False,False
1039,2016-07-15,4,True,False
1040,2016-07-18,0,False,False
1041,2016-07-19,1,False,False
1042,2016-07-20,2,False,False
1043,2016-07-21,3,False,False
1044,2016-07-22,4,True,False
1045,2016-07-25,0,False,False
1046,2016-07-26,1,False,False
1047,2016-07-27,2,False,False
1048,2016-07-28,3,False,False
1049,2016-07-29,4,True,True
1050,2016-08-01,0,False,False
1051,2016-08-02,1,False,False
1052,2016-08-03,2,False,False
1053,2016-08-04,3,False,False
1054,2016-08-05,4,True,False
1055,2016-08-08,0,False,False
1056,2016-08-09,1,False,False
1057,2016-08-10,2,False,False
1058,2016-08-11,3,False,False
1059,2016-08-12,4,True,False
1060,2016-08-15,0,False,False
1061,2016-08-16,1,False,False
1062,2016-08-17,2,False,False
1063,2016-08-18,3,False,False
1064,2016-08-19,4,True,False
1065,2016-08-22,0,False,False
1066,2016-08-23,1,False,False
1067,2016-08-24,2,False,False
1068,2016-08-25,3,False,False
1069,2016-08-26,4,True,False
1070,2016-08-29,0,False,False
1071,2016-08-30,1,False,False
1072,2016-08-31,2,False,True
1073,2016-09-01,3,False,False
1074,2016-09-02,4,True,False
1075,2016-09-06,1,False,False
1076,2016-09-07,2,False,False
1077,2016-09-08,3,False,False
1078,2016-09-09,4,True,False
1079,2016-09-12,0,False,False
1080,2016-09-13,1,False,False
1081,2016-09-14,2,False,False
1082,2016-09-15,3,False,False
1083,2016-09-16,4,True,False
1084,2016-09-19,0,False,False
1085,2016-09-20,1,False,False
1086,2016-09-21,2,False,False
1087,2016-09-22,3,False,False
1088,2016-09-23,4,True,False
1089,2016-09-26,0,False,False
1090,2016-09-27,1,False,False
1091,2016-09-28,2,False,False
1092,2016-09-29,3,False,False
1093,2016-09-30,4,True,True
1094,2016-10-03,0,False,False
1095,2016-10-04,1,False,False
1096,2016-10-05,2,False,False
1097,2016-10-06,3,False,False
1098,2016-10-07,4,True,False
1099,2016-10-10,0,False,False
1100,2016-10-11,1,False,False
1101,2016-10-12,2,False,False
1102,2016-10-13,3,False,False
1103,2016-10-14,4,True,False
1104,2016-10-17,0,False,False
1105,2016-10-18,1,False,False
1106,2016-10-19,2,False,False
1107,2016-10-20,3,False,False
1108,2016-10-21,4,True,False
1109,2016-10-24,0,False,False
1110,2016-10-25,1,False,False
1111,2016-10-26,2,False,False
1112,2016-10-27,3,False,False
1113,2016-10-28,4,True,False
1114,2016-10-31,0,False,True
1115,2016-11-01,1,False,False
1116,2016-11-02,2,False,False
1117,2016-11-03,3,False,False
1118,2016-11-04,4,True,False
1119,2016-11-07,0,False,False
1120,2016-11-08,1,False,False
1121,2016-11-09,2,False,False
1122,2016-11-10,3,False,False
1123,2016-11-11,4,True,False
1124,2016-11-14,0,False,False
1125,2016-11-15,1,False,False
1126,2016-11-16,2,False,False
1127,2016-11-17,3,False,False
1128,2016-11-18,4,True,False
1129,2016-11-21,0,False,False
1130,2016-11-22,1,False,False
1131,2016-11-23,2,False,False
1132,2016-11-25,4,True,False
1133,2016-11-28,0,False,False
1134,2016-11-29,1,False,False
1135,2016-11-30,2,False,True
1136,2016-12-01,3,False,False
1137,2016-12-02,4,True,False
1138,2016-12-05,0,False,False
1139,2016-12-06,1,False,False
1140,2016-12-07,2,False,False
1141,2016-12-08,3,False,False
1142,2016-12-09,4,True,False
1143,2016-12-12,0,False,False
1144,2016-12-13,1,False,False
1145,2016-12-14,2,False,False
1146,2016-12-15,3,False,False
1147,2016-12-16,4,True,False
1148,2016-12-19,0,False,False
1149,2016-12-20,1,False,False
1150,2016-12-21,2,False,False
1151,2016-12-22,3,False,False
1152,2016-12-23,4,True,False
1153,2016-12-27,1,False,False
1154,2016-12-28,2,False,False
1155,2016-12-29,3,False,False
1156,2016-12-30,4,True,True
1157,2017-01-03,1,False,False
1158,2017-01-04,2,False,False
1159,2017-01-05,3,False,False
1160,2017-01-06,4,True,False
1161,2017-01-09,0,False,False
1162,2017-01-10,1,False,False
1163,2017-01-11,2,False,False
1164,2017-01-12,3,False,False
1165,2017-01-13,4,True,False
1166,2017-01-17,1,False,False
1167,2017-01-18,2,False,False
1168,2017-01-19,3,False,False
1169,2017-01-20,4,True,False
1170,2017-01-23,0,False,False
1171,2017-01-24,1,False,False
1172,2017-01-25,2,False,False
1173,2017-01-26,3,False,False
1174,2017-01-27,4,True,False
1175,2017-01-30,0,False,False
1176,2017-01-31,1,False,True
1177,2017-02-01,2,False,False
1178,2017-02-02,3,False,False
1179,2017-02-03,4,True,False
1180,2017-02-06,0,False,False
1181,2017-02-07,1,False,False
1182,2017-02-08,2,False,False
1183,2017-02-09,3,False,False
1184,2017-02-10,4,True,False
1185,2017-02-13,0,False,False
1186,2017-02-14,1,False,False
1187,2017-02-15,2,False,False
1188,2017-02-16,3,False,False
1189,2017-02-17,4,True,False
1190,2017-02-21,1,False,False
1191,2017-02-22,2,False,False
1192,2017-02-23,3,False,False
1193,2017-02-24,4,True,False
1194,2017-02-27,0,False,False
1195,2017-02-28,1,False,True
1196,2017-03-01,2,False,False
1197,2017-03-02,3,False,False
1198,2017-03-03,4,True,False
1199,2017-03-06,0,False,False
1200,2017-03-07,1,False,False
1201,2017-03-08,2,False,False
1202,2017-03-09,3,False,False
1203,2017-03-10,4,True,False
1204,2017-03-13,0,False,False
1205,2017-03-14,1,False,False
1206,2017-03-15,2,False,False
1207,2017-03-16,3,False,False
1208,2017-03-17,4,True,False
1209,2017-03-20,0,False,False
1210,2017-03-21,1,False,False
1211,2017-03-22,2,False,False
1212,2017-03-23,3,False,False
1213,2017-03-24,4,True,False
1214,2017-03-27,0,False,False
1215,2017-03-28,1,False,False
1216,2017-03-29,2,False,False
1217,2017-03-30,3,False,False
1218,2017-03-31,4,True,True
1219,2017-04-03,0,False,False
1220,2017-04-04,1,False,False
1221,2017-04-05,2,False,False
1222,2017-04-06,3,False,False
1223,2017-04-07,4,True,False
1224,2017-04-10,0,False,False
1225,2017-04-11,1,False,False
1226,2017-04-12,2,False,False
1227,2017-04-13,3,False,False
1228,2017-04-17,0,False,False
1229,2017-04-18,1,False,False
1230,2017-04-19,2,False,False
1231,2017-04-20,3,False,False
1232,2017-04-21,4,True,False
1233,2017-04-24,0,False,False
1234,2017-04-25,1,False,False
1235,2017-04-26,2,False,False
1236,2017-04-27,3,False,False
1237,2017-04-28,4,True,True
1238,2017-05-01,0,False,False
1239,2017-05-02,1,False,False
1240,2017-05-03,2,False,False
1241,2017-05-04,3,False,False
1242,2017-05-05,4,True,False
1243,2017-05-08,0,False,False
1244,2017-05-09,1,False,False
1245,2017-05-10,2,False,False
1246,2017-05-11,3,False,False
1247,2017-05-12,4,True,False
1248,2017-05-15,0,False,False
1249,2017-05-16,1,False,False
1250,2017-05-17,2,False,False
1251,2017-05-18,3,False,False
1252,2017-05-19,4,True,False
1253,2017-05-22,0,False,False
1254,2017-05-23,1,False,False
1255,2017-05-24,2,False,False
1256,2017-05-25,3,False,False
1257,2017-05-26,4,True,False
1258,2017-05-30,1,False,False
1259,2017-05-31,2,False,True
1260,2017-06-01,3,False,False
1261,2017-06-02,4,True,False
1262,2017-06-05,0,False,False
1263,2017-06-06,1,False,False
1264,2017-06-07,2,False,False
1265,2017-06-08,3,False,False
1266,2017-06-09,4,True,False
1267,2017-06-12,0,False,False
1268,2017-06-13,1,False,False
1269,2017-06-14,2,False,False
1270,2017-06-15,3,False,False
1271,2017-06-16,4,True,False
1272,2017-06-19,0,False,False
1273,2017-06-20,1,False,False
1274,2017-06-21,2,False,False
1275,2017-06-22,3,False,False
1276,2017-06-23,4,True,False
1277,2017-06-26,0,False,False
1278,2017-06-27,1,False,False
1279,2017-06-28,2,False,False
1280,2017-06-29,3,False,False
1281,2017-06-30,4,True,True
1282,2017-07-03,0,False,False
1283,2017-07-05,2,False,False
1284,2017-07-06,3,False,False
1285,2017-07-07,4,True,False
1286,2017-07-10,0,False,False
1287,2017-07-11,1,False,False
1288,2017-07-12,2,False,False
1289,2017-07-13,3,False,False
1290,2017-07-14,4,True,False
1291,2017-07-17,0,False,False
1292,2017-07-18,1,False,False
1293,2017-07-19,2,False,False
1294,2017-07-20,3,False,False
1295,2017-07-21,4,True,False
1296,2017-07-24,0,False,False
1297,2017-07-25,1,False,False
1298,2017-07-26,2,False,False
1299,2017-07-27,3,False,False
1300,2017-07-28,4,True,False
1301,2017-07-31,0,False,True
1302,2017-08-01,1,False,False
1303,2017-08-02,2,False,False
1304,2017-08-03,3,False,False
1305,2017-08-04,4,True,False
1306,2017-08-07,0,False,False
1307,2017-08-08,1,False,False
1308,2017-08-09,2,False,False
1309,2017-08-10,3,False,False
1310,2017-08-11,4,True,False
1311,2017-08-14,0,False,False
1312,2017-08-15,1,False,False
1313,2017-08-16,2,False,False
1314,2017-08-17,3,False,False
1315,2017-08-18,4,True,False
1316,2017-08-21,0,False,False
1317,2017-08-22,1,False,False
1318,2017-08-23,2,False,False
1319,2017-08-24,3,False,False
1320,2017-08-25,4,True,False
1321,2017-08-28,0,False,False
1322,2017-08-29,1,False,False
1323,2017-08-30,2,False,False
1324,2017-08-31,3,False,True
1325,2017-09-01,4,True,False
1326,2017-09-05,1,False,False
1327,2017-09-06,2,False,False
1328,2017-09-07,3,False,False
1329,2017-09-08,4,True,False
1330,2017-09-11,0,False,False
1331,2017-09-12,1,False,False
1332,2017-09-13,2,False,False
1333,2017-09-14,3,False,False
1334,2017-09-15,4,True,False
1335,2017-09-18,0,False,False
1336,2017-09-19,1,False,False
1337,2017-09-20,2,False,False
1338,2017-09-21,3,False,False
1339,2017-09-22,4,True,False
1340,2017-09-25,0,False,False
1341,2017-09-26,1,False,False
1342,2017-09-27,2,False,False
1343,2017-09-28,3,False,False
1344,2017-09-29,4,True,True
1345,2017-10-02,0,False,False
1346,2017-10-03,1,False,False
1347,2017-10-04,2,False,False
1348,2017-10-05,3,False,False
1349,2017-10-06,4,True,False
1350,2017-10-09,0,False,False
1351,2017-10-10,1,False,False
1352,2017-10-11,2,False,False
1353,2017-10-12,3,False,False
1354,2017-10-13,4,True,False
1355,2017-10-16,0,False,False
1356,2017-10-17,1,False,False
1357,2017-10-18,2,False,False
1358,2017-10-19,3,False,False
1359,2017-10-20,4,True,False
1360,2017-10-23,0,False,False
1361,2017-10-24,1,False,False
1362,2017-10-25,2,False,False
1363,2017-10-26,3,False,False
1364,2017-10-27,4,True,False
1365,2017-10-30,0,False,False
1366,2017-10-31,1,False,True
1367,2017-11-01,2,False,False
1368,2017-11-02,3,False,False
1369,2017-11-03,4,True,False
1370,2017-11-06,0,False,False
1371,2017-11-07,1,False,False
1372,2017-11-08,2,False,False
1373,2017-11-09,3,False,False
1374,2017-11-10,4,True,False
1375,2017-11-13,0,False,False
1376,2017-11-14,1,False,False
1377,2017-11-15,2,False,False
1378,2017-11-16,3,False,False
1379,2017-11-17,4,True,False
1380,2017-11-20,0,False,False
1381,2017-11-21,1,False,False
1382,2017-11-22,2,False,False
1383,2017-11-24,4,True,False
1384,2017-11-27,0,False,False
1385,2017-11-28,1,False,False
1386,2017-11-29,2,False,False
1387,2017-11-30,3,False,True
1388,2017-12-01,4,True,False
1389,2017-12-04,0,False,False
1390,2017-12-05,1,False,False
1391,2017-12-06,2,False,False
1392,2017-12-07,3,False,False
1393,2017-12-08,4,True,False
1394,2017-12-11,0,False,False
1395,2017-12-12,1,False,False
1396,2017-12-13,2,False,False
1397,2017-12-14,3,False,False
1398,2017-12-15,4,True,False
1399,2017-12-18,0,False,False
1400,2017-12-19,1,False,False
1401,2017-12-20,2,False,False
1402,2017-12-21,3,False,False
1403,2017-12-22,4,True,False
1404,2017-12-26,1,False,False
1405,2017-12-27,2,False,False
1406,2017-12-28,3,False,False
1407,2017-12-29,4,True,True
1408,2018-01-02,1,False,False
1409,2018-01-03,2,False,False
1410,2018-01-04,3,False,False
1411,2018-01-05,4,True,False
1412,2018-01-08,0,False,False
1413,2018-01-09,1,False,False
1414,2018-01-10,2,False,False
1415,2018-01-11,3,False,False
1416,2018-01-12,4,True,False
1417,2018-01-16,1,False,False
1418,2018-01-17,2,False,False
1419,2018-01-18,3,False,False
1420,2018-01-19,4,True,False
1421,2018-01-22,0,False,False
1422,2018-01-23,1,False,False
1423,2018-01-24,2,False,False
1424,2018-01-25,3,False,False
1425,2018-01-26,4,True,False
1426,2018-01-29,0,False,False
1427,2018-01-30,1,False,False
1428,2018-01-31,2,False,True
1429,2018-02-01,3,False,False
1430,2018-02-02,4,True,False
1431,2018-02-05,0,False,False
1432,2018-02-06,1,False,False
1433,2018-02-07,2,False,False
1434,2018-02-08,3,False,False
1435,2018-02-09,4,True,False
1436,2018-02-12,0,False,False
1437,2018-02-13,1,False,False
1438,2018-02-14,2,False,False
1439,2018-02-15,3,False,False
1440,2018-02-16,4,True,False
1441,2018-02-20,1,False,False
1442,2018-02-21,2,False,False
1443,2018-02-22,3,False,False
1444,2018-02-23,4,True,False
1445,2018-02-26,0,False,False
1446,2018-02-27,1,False,False
1447,2018-02-28,2,False,True
1448,2018-03-01,3,False,False
1449,2018-03-02,4,True,False
1450,2018-03-05,0,False,False
1451,2018-03-06,1,False,False
1452,2018-03-07,2,False,False
1453,2018-03-08,3,False,False
1454,2018-03-09,4,True,False
1455,2018-03-12,0,False,False
1456,2018-03-13,1,False,False
1457,2018-03-14,2,False,False
1458,2018-03-15,3,False,False
1459,2018-03-16,4,True,False
1460,2018-03-19,0,False,False
1461,2018-03-20,1,False,False
1462,2018-03-21,2,False,False
1463,2018-03-22,3,False,False
1464,2018-03-23,4,True,False
1465,2018-03-26,0,False,False
1466,2018-03-27,1,False,False
1467,2018-03-28,2,False,False
1468,2018-03-29,3,False,True
1469,2018-04-02,0,False,False
1470,2018-04-03,1,False,False
1471,2018-04-04,2,False,False
1472,2018-04-05,3,False,False
1473,2018-04-06,4,True,False
1474,2018-04-09,0,False,False
1475,2018-04-10,1,False,False
1476,2018-04-11,2,False,False
1477,2018-04-12,3,False,False
1478,2018-04-13,4,True,False
1479,2018-04-16,0,False,False
1480,2018-04-17,1,False,False
1481,2018-04-18,2,False,False
1482,2018-04-19,3,False,False
1483,2018-04-20,4,True,False
1484,2018-04-23,0,False,False
1485,2018-04-24,1,False,False
1486,2018-04-25,2,False,False
1487,2018-04-26,3,False,False
1488,2018-04-27,4,True,False
1489,2018-04-30,0,False,True
1490,2018-05-01,1,False,False
1491,2018-05-02,2,False,False
1492,2018-05-03,3,False,False
1493,2018-05-04,4,True,False
1494,2018-05-07,0,False,False
1495,2018-05-08,1,False,False
1496,2018-05-09,2,False,False
1497,2018-05-10,3,False,False
1498,2018-05-11,4,True,False
1499,2018-05-14,0,False,False
1500,2018-05-15,1,False,False
1501,2018-05-16,2,False,False
1502,2018-05-17,3,False,False
1503,2018-05-18,4,True,False
1504,2018-05-21,0,False,False
1505,2018-05-22,1,False,False
1506,2018-05-23,2,False,False
1507,2018-05-24,3,False,False
1508,2018-05-25,4,True,False
1509,2018-05-29,1,False,False
1510,2018-05-30,2,False,False
1511,2018-05-31,3,False,True
1512,2018-06-01,4,True,False
1513,2018-06-04,0,False,False
1514,2018-06-05,1,False,False
1515,2018-06-06,2,False,False
1516,2018-06-07,3,False,False
1517,2018-06-08,4,True,False
1518,2018-06-11,0,False,False
1519,2018-06-12,1,False,False
1520,2018-06-13,2,False,False
1521,2018-06-14,3,False,False
1522,2018-06-15,4,True,False
1523,2018-06-18,0,False,False
1524,2018-06-19,1,False,False
1525,2018-06-20,2,False,False
1526,2018-06-21,3,False,False
1527,2018-06-22,4,True,False
1528,2018-06-25,0,False,False
1529,2018-06-26,1,False,False
1530,2018-06-27,2,False,False
1531,2018-06-28,3,False,False
1532,2018-06-29,4,True,True
1533,2018-07-02,0,False,False
1534,2018-07-03,1,False,False
1535,2018-07-05,3,False,False
1536,2018-07-06,4,True,False
1537,2018-07-09,0,False,False
1538,2018-07-10,1,False,False
1539,2018-07-11,2,False,False
1540,2018-07-12,3,False,False
1541,2018-07-13,4,True,False
1542,2018-07-16,0,False,False
1543,2018-07-17,1,False,False
1544,2018-07-18,2,False,False
1545,2018-07-19,3,False,False
1546,2018-07-20,4,True,False
1547,2018-07-23,0,False,False
1548,2018-07-24,1,False,False
1549,2018-07-25,2,False,False
1550,2018-07-26,3,False,False
1551,2018-07-27,4,True,False
1552,2018-07-30,0,False,False
1553,2018-07-31,1,False,True
1554,2018-08-01,2,False,False
1555,2018-08-02,3,False,False
1556,2018-08-03,4,True,False
1557,2018-08-06,0,False,False
1558,2018-08-07,1,False,False
1559,2018-08-08,2,False,False
1560,2018-08-09,3,False,False
1561,2018-08-10,4,True,False
1562,2018-08-13,0,False,False
1563,2018-08-14,1,False,False
1564,2018-08-15,2,False,False
1565,2018-08-16,3,False,False
1566,2018-08-17,4,True,False
1567,2018-08-20,0,False,False
1568,2018-08-21,1,False,False
1569,2018-08-22,2,False,False
1570,2018-08-23,3,False,False
1571,2018-08-24,4,True,False
1572,2018-08-27,0,False,False
1573,2018-08-28,1,False,False
1574,2018-08-29,2,False,False
1575,2018-08-30,3,False,False
1576,2018-08-31,4,True,True
1577,2018-09-04,1,False,False
1578,2018-09-05,2,False,False
1579,2018-09-06,3,False,False
1580,2018-09-07,4,True,False
1581,2018-09-10,0,False,False
1582,2018-09-11,1,False,False
1583,2018-09-12,2,False,False
1584,2018-09-13,3,False,False
1585,2018-09-14,4,True,False
1586,2018-09-17,0,False,False
1587,2018-09-18,1,False,False
1588,2018-09-19,2,False,False
1589,2018-09-20,3,False,False
1590,2018-09-21,4,True,False
1591,2018-09-24,0,False,False
1592,2018-09-25,1,False,False
1593,2018-09-26,2,False,False
1594,2018-09-27,3,False,False
1595,2018-09-28,4,True,True
1596,2018-10-01,0,False,False
1597,2018-10-02,1,False,False
1598,2018-10-03,2,False,False
1599,2018-10-04,3,False,False
1600,2018-10-05,4,True,False
1601,2018-10-08,0,False,False
1602,2018-10-09,1,False,False
1603,2018-10-10,2,False,False
1604,2018-10-11,3,False,False
1605,2018-10-12,4,True,False
1606,2018-10-15,0,False,False
1607,2018-10-16,1,False,False
1608,2018-10-17,2,False,False
1609,2018-10-18,3,False,False
1610,2018-10-19,4,True,False
1611,2018-10-22,0,False,False
1612,2018-10-23,1,False,False
1613,2018-10-24,2,False,False
1614,2018-10-25,3,False,False
1615,2018-10-26,4,True,False
1616,2018-10-29,0,False,False
1617,2018-10-30,1,False,False
1618,2018-10-31,2,False,True
1619,2018-11-01,3,False,False
1620,2018-11-02,4,True,False
1621,2018-11-05,0,False,False
1622,2018-11-06,1,False,False
1623,2018-11-07,2,False,False
1624,2018-11-08,3,False,False
1625,2018-11-09,4,True,False
1626,2018-11-12,0,False,False
1627,2018-11-13,1,False,False
1628,2018-11-14,2,False,False
1629,2018-11-15,3,False,False
1630,2018-11-16,4,True,False
1631,2018-11-19,0,False,False
1632,2018-11-20,1,False,False
1633,2018-11-21,2,False,False
1634,2018-11-23,4,True,False
1635,2018-11-26,0,False,False
1636,2018-11-27,1,False,False
1637,2018-11-28,2,False,False
1638,2018-11-29,3,False,False
1639,2018-11-30,4,True,True
1640,2018-12-03,0,False,False
1641,2018-12-04,1,False,False
1642,2018-12-06,3,False,False
1643,2018-12-07,4,True,False
1644,2018-12-10,0,False,False
1645,2018-12-11,1,False,False
1646,2018-12-12,2,False,False
1647,2018-12-13,3,False,False
1648,2018-12-14,4,True,False
1649,2018-12-17,0,False,False
1650,2018-12-18,1,False,False
1651,2018-12-19,2,False,False
1652,2018-12-20,3,False,False
1653,2018-12-21,4,True,False
1654,2018-12-24,0,False,False
1655,2018-12-26,2,False,False
1656,2018-12-27,3,False,False
1657,2018-12-28,4,True,False
1658,2018-12-31,0,False,True
1659,2019-01-02,2,False,False
1660,2019-01-03,3,False,False
1661,2019-01-04,4,True,False
1662,2019-01-07,0,False,False
1663,2019-01-08,1,False,False
1664,2019-01-09,2,False,False
1665,2019-01-10,3,False,False
1666,2019-01-11,4,True,False
1667,2019-01-14,0,False,False
1668,2019-01-15,1,False,False
1669,2019-01-16,2,False,False
1670,2019-01-17,3,False,False
1671,2019-01-18,4,True,False
1672,2019-01-22,1,False,False
1673,2019-01-23,2,False,False
1674,2019-01-24,3,False,False
1675,2019-01-25,4,True,False
1676,2019-01-28,0,False,False
1677,2019-01-29,1,False,False
1678,2019-01-30,2,False,False
1679,2019-01-31,3,False,True
1680,2019-02-01,4,True,False
1681,2019-02-04,0,False,False
1682,2019-02-05,1,False,False
1683,2019-02-06,2,False,False
1684,2019-02-07,3,False,False
1685,2019-02-08,4,True,False
1686,2019-02-11,0,False,False
1687,2019-02-12,1,False,False
1688,2019-02-13,2,False,False
1689,2019-02-14,3,False,False
1690,2019-02-15,4,True,False
1691,2019-02-19,1,False,False
1692,2019-02-20,2,False,False
1693,2019-02-21,3,False,False
1694,2019-02-22,4,True,False
1695,2019-02-25,0,False,False
1696,2019-02-26,1,False,False
1697,2019-02-27,2,False,False
1698,2019-02-28,3,False,True
1699,2019-03-01,4,True,False
1700,2019-03-04,0,False,False
1701,2019-03-05,1,False,False
1702,2019-03-06,2,False,False
1703,2019-03-07,3,False,False
1704,2019-03-08,4,True,False
1705,2019-03-11,0,False,False
1706,2019-03-12,1,False,False
1707,2019-03-13,2,False,False
1708,2019-03-14,3,False,False
1709,2019-03-15,4,True,False
1710,2019-03-18,0,False,False
1711,2019-03-19,1,False,False
1712,2019-03-20,2,False,False
1713,2019-03-21,3,False,False
1714,2019-03-22,4,True,False
1715,2019-03-25,0,False,False
1716,2019-03-26,1,False,False
1717,2019-03-27,2,False,False
1718,2019-03-28,3,False,False
1719,2019-03-29,4,True,True
1720,2019-04-01,0,False,False
1721,2019-04-02,1,False,False
1722,2019-04-03,2,False,False
1723,2019-04-04,3,False,False
1724,2019-04-05,4,True,False
1725,2019-04-08,0,False,False
1726,2019-04-09,1,False,False
1727,2019-04-10,2,False,False
1728,2019-04-11,3,False,False
1729,2019-04-12,4,True,False
1730,2019-04-15,0,False,False
1731,2019-04-16,1,False,False
1732,2019-04-17,2,False,False
1733,2019-04-18,3,False,False
1734,2019-04-22,0,False,False
1735,2019-04-23,1,False,False
1736,2019-04-24,2,False,False
1737,2019-04-25,3,False,False
1738,2019-04-26,4,True,False
1739,2019-04-29,0,False,False
1740,2019-04-30,1,False,True
1741,2019-05-01,2,False,False
1742,2019-05-02,3,False,False
1743,2019-05-03,4,True,False
1744,2019-05-06,0,False,False
1745,2019-05-07,1,False,False
1746,2019-05-08,2,False,False
1747,2019-05-09,3,False,False
1748,2019-05-10,4,True,False
1749,2019-05-13,0,False,False
1750,2019-05-14,1,False,False
1751,2019-05-15,2,False,False
1752,2019-05-16,3,False,False
1753,2019-05-17,4,True,False
1754,2019-05-20,0,False,False
1755,2019-05-21,1,False,False
1756,2019-05-22,2,False,False
1757,2019-05-23,3,False,False
1758,2019-05-24,4,True,False
1759,2019-05-28,1,False,False
1760,2019-05-29,2,False,False
1761,2019-05-30,3,False,False
1762,2019-05-31,4,True,True
1763,2019-06-03,0,False,False
1764,2019-06-04,1,False,False
1765,2019-06-05,2,False,False
1766,2019-06-06,3,False,False
1767,2019-06-07,4,True,False
1768,2019-06-10,0,False,False
1769,2019-06-11,1,False,False
1770,2019-06-12,2,False,False
1771,2019-06-13,3,False,False
1772,2019-06-14,4,True,False
1773,2019-06-17,0,False,False
1774,2019-06-18,1,False,False
1775,2019-06-19,2,False,False
1776,2019-06-20,3,False,False
1777,2019-06-21,4,True,False
1778,2019-06-24,0,False,False
1779,2019-06-25,1,False,False
1780,2019-06-26,2,False,False
1781,2019-06-27,3,False,False
1782,2019-06-28,4,True,True
1783,2019-07-01,0,False,False
1784,2019-07-02,1,False,False
1785,2019-07-03,2,False,False
1786,2019-07-05,4,True,False
1787,2019-07-08,0,False,False
1788,2019-07-09,1,False,False
1789,2019-07-10,2,False,False
1790,2019-07-11,3,False,False
1791,2019-07-12,4,True,False
1792,2019-07-15,0,False,False
1793,2019-07-16,1,False,False
1794,2019-07-17,2,False,False
1795,2019-07-18,3,False,False
1796,2019-07-19,4,True,False
1797,2019-07-22,0,False,False
1798,2019-07-23,1,False,False
1799,2019-07-24,2,False,False
1800,2019-07-25,3,False,False
1801,2019-07-26,4,True,False
1802,2019-07-29,0,False,False
1803,2019-07-30,1,False,False
1804,2019-07-31,2,False,True
1805,2019-08-01,3,False,False
1806,2019-08-02,4,True,False
1807,2019-08-05,0,False,False
1808,2019-08-06,1,False,False
1809,2019-08-07,2,False,False
1810,2019-08-08,3,False,False
1811,2019-08-09,4,True,False
1812,2019-08-12,0,False,False
1813,2019-08-13,1,False,False
1814,2019-08-14,2,False,False
1815,2019-08-15,3,False,False
1816,2019-08-16,4,True,False
1817,2019-08-19,0,False,False
1818,2019-08-20,1,False,False
1819,2019-08-21,2,False,False
1820,2019-08-22,3,False,False
1821,2019-08-23,4,True,False
1822,2019-08-26,0,False,False
1823,2019-08-27,1,False,False
1824,2019-08-28,2,False,False
1825,2019-08-29,3,False,False
1826,2019-08-30,4,True,True
1827,2019-09-03,1,False,False
1828,2019-09-04,2,False,False
1829,2019-09-05,3,False,False
1830,2019-09-06,4,True,False
1831,2019-09-09,0,False,False
1832,2019-09-10,1,False,False
1833,2019-09-11,2,False,False
1834,2019-09-12,3,False,False
1835,2019-09-13,4,True,False
1836,2019-09-16,0,False,False
1837,2019-09-17,1,False,False
1838,2019-09-18,2,False,False
1839,2019-09-19,3,False,False
1840,2019-09-20,4,True,False
1841,2019-09-23,0,False,False
1842,2019-09-24,1,False,False
1843,2019-09-25,2,False,False
1844,2019-09-26,3,False,False
1845,2019-09-27,4,True,False
1846,2019-09-30,0,False,True
1847,2019-10-01,1,False,False
1848,2019-10-02,2,False,False
1849,2019-10-03,3,False,False
1850,2019-10-04,4,True,False
1851,2019-10-07,0,False,False
1852,2019-10-08,1,False,False
1853,2019-10-09,2,False,False
1854,2019-10-10,3,False,False
1855,2019-10-11,4,True,False
1856,2019-10-14,0,False,False
1857,2019-10-15,1,False,False
1858,2019-10-16,2,False,False
1859,2019-10-17,3,False,False
1860,2019-10-18,4,True,False
1861,2019-10-21,0,False,False
1862,2019-10-22,1,False,False
1863,2019-10-23,2,False,False
1864,2019-10-24,3,False,False
1865,2019-10-25,4,True,False
1866,2019-10-28,0,False,False
1867,2019-10-29,1,False,False
1868,2019-10-30,2,False,False
1869,2019-10-31,3,False,True
1870,2019-11-01,4,True,False
1871,2019-11-04,0,False,False
1872,2019-11-05,1,False,False
1873,2019-11-06,2,False,False
1874,2019-11-07,3,False,False
1875,2019-11-08,4,True,False
1876,2019-11-11,0,False,False
1877,2019-11-12,1,False,False
1878,2019-11-13,2,False,False
1879,2019-11-14,3,False,False
1880,2019-11-15,4,True,False
1881,2019-11-18,0,False,False
1882,2019-11-19,1,False,False
1883,2019-11-20,2,False,False
1884,2019-11-21,3,False,False
1885,2019-11-22,4,True,False
1886,2019-11-25,0,False,False
1887,2019-11-26,1,False,False
1888,2019-11-27,2,False,False
1889,2019-11-29,4,True,True
1890,2019-12-02,0,False,False
1891,2019-12-03,1,False,False
1892,2019-12-04,2,False,False
1893,2019-12-05,3,False,False
1894,2019-12-06,4,True,False
1895,2019-12-09,0,False,False
1896,2019-12-10,1,False,False
1897,2019-12-11,2,False,False
1898,2019-12-12,3,False,False
1899,2019-12-13,4,True,False
1900,2019-12-16,0,False,False
1901,2019-12-17,1,False,False
1902,2019-12-18,2,False,False
1903,2019-12-19,3,False,False
1904,2019-12-20,4,True,False
1905,2019-12-23,0,False,False
1906,2019-12-24,1,False,False
1907,2019-12-26,3,False,False
1908,2019-12-27,4,True,False
1909,2019-12-30,0,False,False
1910,2019-12-31,1,False,True
1911,2020-01-02,3,False,False
1912,2020-01-03,4,True,False
1913,2020-01-06,0,False,False
1914,2020-01-07,1,False,False
1915,2020-01-08,2,False,False
1916,2020-01-09,3,False,False
1917,2020-01-10,4,True,False
1918,2020-01-13,0,False,False
1919,2020-01-14,1,False,False
1920,2020-01-15,2,False,False
1921,2020-01-16,3,False,False
1922,2020-01-17,4,True,False
1923,2020-01-21,1,False,False
1924,2020-01-22,2,False,False
1925,2020-01-23,3,False,False
1926,2020-01-24,4,True,False
1927,2020-01-27,0,False,False
1928,2020-01-28,1,False,False
1929,2020-01-29,2,False,False
1930,2020-01-30,3,False,False
1931,2020-01-31,4,True,True
1932,2020-02-03,0,False,False
1933,2020-02-04,1,False,False
1934,2020-02-05,2,False,False
1935,2020-02-06,3,False,False
1936,2020-02-07,4,True,False
1937,2020-02-10,0,False,False
1938,2020-02-11,1,False,False
1939,2020-02-12,2,False,False
1940,2020-02-13,3,False,False
1941,2020-02-14,4,True,False
1942,2020-02-18,1,False,False
1943,2020-02-19,2,False,False
1944,2020-02-20,3,False,False
1945,2020-02-21,4,True,False
1946,2020-02-24,0,False,False
1947,2020-02-25,1,False,False
1948,2020-02-26,2,False,False
1949,2020-02-27,3,False,False
1950,2020-02-28,4,True,True
1951,2020-03-02,0,False,False
1952,2020-03-03,1,False,False
1953,2020-03-04,2,False,False
1954,2020-03-05,3,False,False
1955,2020-03-06,4,True,False
1956,2020-03-09,0,False,False
1957,2020-03-10,1,False,False
1958,2020-03-11,2,False,False
1959,2020-03-12,3,False,False
1960,2020-03-13,4,True,False
1961,2020-03-16,0,False,False
1962,2020-03-17,1,False,False
1963,2020-03-18,2,False,False
1964,2020-03-19,3,False,False
1965,2020-03-20,4,True,False
1966,2020-03-23,0,False,False
1967,2020-03-24,1,False,False
1968,2020-03-25,2,False,False
1969,2020-03-26,3,False,False
1970,2020-03-27,4,True,False
1971,2020-03-30,0,False,False
1972,2020-03-31,1,False,True
1973,2020-04-01,2,False,False
1974,2020-04-02,3,False,False
1975,2020-04-03,4,True,False
1976,2020-04-06,0,False,False
1977,2020-04-07,1,False,False
1978,2020-04-08,2,False,False
1979,2020-04-09,3,False,False
1980,2020-04-13,0,False,False
1981,2020-04-14,1,False,False
1982,2020-04-15,2,False,False
1983,2020-04-16,3,False,False
1984,2020-04-17,4,True,False
1985,2020-04-20,0,False,False
1986,2020-04-21,1,False,False
1987,2020-04-22,2,False,False
1988,2020-04-23,3,False,False
1989,2020-04-24,4,True,False
1990,2020-04-27,0,False,False
1991,2020-04-28,1,False,False
1992,2020-04-29,2,False,False
1993,2020-04-30,3,False,True
1994,2020-05-01,4,True,False
1995,2020-05-04,0,False,False
1996,2020-05-05,1,False,False
1997,2020-05-06,2,False,False
1998,2020-05-07,3,False,False
1999,2020-05-08,4,True,False
2000,2020-05-11,0,False,False
2001,2020-05-12,1,False,False
2002,2020-05-13,2,False,False
2003,2020-05-14,3,False,False
2004,2020-05-15,4,True,False
2005,2020-05-18,0,False,False
2006,2020-05-19,1,False,False
2007,2020-05-20,2,False,False
2008,2020-05-21,3,False,False
2009,2020-05-22,4,True,False
2010,2020-05-26,1,False,False
2011,2020-05-27,2,False,False
2012,2020-05-28,3,False,False
2013,2020-05-29,4,True,True
2014,2020-06-01,0,False,False
2015,2020-06-02,1,False,False
2016,2020-06-03,2,False,False
2017,2020-06-04,3,False,False
2018,2020-06-05,4,True,False
2019,2020-06-08,0,False,False
2020,2020-06-09,1,False,False
2021,2020-06-10,2,False,False
2022,2020-06-11,3,False,False
2023,2020-06-12,4,True,False
2024,2020-06-15,0,False,False
2025,2020-06-16,1,False,False
2026,2020-06-17,2,False,False
2027,2020-06-18,3,False,False
2028,2020-06-19,4,True,False
2029,2020-06-22,0,False,False
2030,2020-06-23,1,False,False
2031,2020-06-24,2,False,False
2032,2020-06-25,3,False,False
2033,2020-06-26,4,True,False
2034,2020-06-29,0,False,False
2035,2020-06-30,1,False,True
2036,2020-07-01,2,False,False
2037,2020-07-02,3,False,False
2038,2020-07-06,0,False,False
2039,2020-07-07,1,False,False
2040,2020-07-08,2,False,False
2041,2020-07-09,3,False,False
2042,2020-07-10,4,True,False
2043,2020-07-13,0,False,False
2044,2020-07-14,1,False,False
2045,2020-07-15,2,False,False
2046,2020-07-16,3,False,False
2047,2020-07-17,4,True,False
2048,2020-07-20,0,False,False
2049,2020-07-21,1,False,False
2050,2020-07-22,2,False,False
2051,2020-07-23,3,False,False
2052,2020-07-24,4,True,False
2053,2020-07-27,0,False,False
2054,2020-07-28,1,False,False
2055,2020-07-29,2,False,False
2056,2020-07-30,3,False,False
2057,2020-07-31,4,True,True
2058,2020-08-03,0,False,False
2059,2020-08-04,1,False,False
2060,2020-08-05,2,False,False
2061,2020-08-06,3,False,False
2062,2020-08-07,4,True,False
2063,2020-08-10,0,False,False
2064,2020-08-11,1,False,False
2065,2020-08-12,2,False,False
2066,2020-08-13,3,False,False
2067,2020-08-14,4,True,False
2068,2020-08-17,0,False,False
2069,2020-08-18,1,False,False
2070,2020-08-19,2,False,False
2071,2020-08-20,3,False,False
2072,2020-08-21,4,True,False
2073,2020-08-24,0,False,False
2074,2020-08-25,1,False,False
2075,2020-08-26,2,False,False
2076,2020-08-27,3,False,False
2077,2020-08-28,4,True,False
2078,2020-08-31,0,False,True
2079,2020-09-01,1,False,False
2080,2020-09-02,2,False,False
2081,2020-09-03,3,False,False
2082,2020-09-04,4,True,False
2083,2020-09-08,1,False,False
2084,2020-09-09,2,False,False
2085,2020-09-10,3,False,False
2086,2020-09-11,4,True,False
2087,2020-09-14,0,False,False
2088,2020-09-15,1,False,False
2089,2020-09-16,2,False,False
2090,2020-09-17,3,False,False
2091,2020-09-18,4,True,False
2092,2020-09-21,0,False,False
2093,2020-09-22,1,False,False
2094,2020-09-23,2,False,False
2095,2020-09-24,3,False,False
2096,2020-09-25,4,True,False
2097,2020-09-28,0,False,False
2098,2020-09-29,1,False,False
2099,2020-09-30,2,False,True
2100,2020-10-01,3,False,False
2101,2020-10-02,4,True,False
2102,2020-10-05,0,False,False
2103,2020-10-06,1,False,False
2104,2020-10-07,2,False,False
2105,2020-10-08,3,False,False
2106,2020-10-09,4,True,False
2107,2020-10-12,0,False,False
2108,2020-10-13,1,False,False
2109,2020-10-14,2,False,False
2110,2020-10-15,3,False,False
2111,2020-10-16,4,True,False
2112,2020-10-19,0,False,False
2113,2020-10-20,1,False,False
2114,2020-10-21,2,False,False
2115,2020-10-22,3,False,False
2116,2020-10-23,4,True,False
2117,2020-10-26,0,False,False
2118,2020-10-27,1,False,False
2119,2020-10-28,2,False,False
2120,2020-10-29,3,False,False
2121,2020-10-30,4,True,True
2122,2020-11-02,0,False,False
2123,2020-11-03,1,False,False
2124,2020-11-04,2,False,False
2125,2020-11-05,3,False,False
2126,2020-11-06,4,True,False
2127,2020-11-09,0,False,False
2128,2020-11-10,1,False,False
2129,2020-11-11,2,False,False
2130,2020-11-12,3,False,False
2131,2020-11-13,4,True,False
2132,2020-11-16,0,False,False
2133,2020-11-17,1,False,False
2134,2020-11-18,2,False,False
2135,2020-11-19,3,False,False
2136,2020-11-20,4,True,False
2137,2020-11-23,0,False,False
2138,2020-11-24,1,False,False
2139,2020-11-25,2,False,False
2140,2020-11-27,4,True,False
2141,2020-11-30,0,False,True
2142,2020-12-01,1,False,False
2143,2020-12-02,2,False,False
2144,2020-12-03,3,False,False
2145,2020-12-04,4,True,False
2146,2020-12-07,0,False,False
2147,2020-12-08,1,False,False
2148,2020-12-09,2,False,False
2149,2020-12-10,3,False,False
2150,2020-12-11,4,True,False
2151,2020-12-14,0,False,False
2152,2020-12-15,1,False,False
2153,2020-12-16,2,False,False
2154,2020-12-17,3,False,False
2155,2020-12-18,4,True,False
2156,2020-12-21,0,False,False
2157,2020-12-22,1,False,False
2158,2020-12-23,2,False,False
2159,2020-12-24,3,False,False
2160,2020-12-28,0,False,False
2161,2020-12-29,1,False,False
2162,2020-12-30,2,False,False
2163,2020-12-31,3,False,True
2164,2021-01-04,0,False,False
2165,2021-01-05,1,False,False
2166,2021-01-06,2,False,False
2167,2021-01-07,3,False,False
2168,2021-01-08,4,True,False
2169,2021-01-11,0,False,False
2170,2021-01-12,1,False,False
2171,2021-01-13,2,False,False
2172,2021-01-14,3,False,False
2173,2021-01-15,4,True,False
2174,2021-01-19,1,False,False
2175,2021-01-20,2,False,False
2176,2021-01-21,3,False,False
2177,2021-01-22,4,True,False
2178,2021-01-25,0,False,False
2179,2021-01-26,1,False,False
2180,2021-01-27,2,False,False
2181,2021-01-28,3,False,False
2182,2021-01-29,4,True,True
2183,2021-02-01,0,False,False
2184,2021-02-02,1,False,False
2185,2021-02-03,2,False,False
2186,2021-02-04,3,False,False
2187,2021-02-05,4,True,False
2188,2021-02-08,0,False,False
2189,2021-02-09,1,False,False
2190,2021-02-10,2,False,False
2191,2021-02-11,3,False,False
2192,2021-02-12,4,True,False
2193,2021-02-16,1,False,False
2194,2021-02-17,2,False,False
2195,2021-02-18,3,False,False
2196,2021-02-19,4,True,False
2197,2021-02-22,0,False,False
2198,2021-02-23,1,False,False
2199,2021-02-24,2,False,False
2200,2021-02-25,3,False,False
2201,2021-02-26,4,True,True
2202,2021-03-01,0,False,False
2203,2021-03-02,1,False,False
2204,2021-03-03,2,False,False
2205,2021-03-04,3,False,False
2206,2021-03-05,4,True,False
2207,2021-03-08,0,False,False
2208,2021-03-09,1,False,False
2209,2021-03-10,2,False,False
2210,2021-03-11,3,False,False
2211,2021-03-12,4,True,False
2212,2021-03-15,0,False,False
2213,2021-03-16,1,False,False
2214,2021-03-17,2,False,False
2215,2021-03-18,3,False,False
2216,2021-03-19,4,True,False
2217,2021-03-22,0,False,False
2218,2021-03-23,1,False,False
2219,2021-03-24,2,False,False
2220,2021-03-25,3,False,False
2221,2021-03-26,4,True,False
2222,2021-03-29,0,False,False
2223,2021-03-30,1,False,False
2224,2021-03-31,2,False,True
2225,2021-04-01,3,False,False
2226,2021-04-05,0,False,False
2227,2021-04-06,1,False,False
2228,2021-04-07,2,False,False
2229,2021-04-08,3,False,False
2230,2021-04-09,4,True,False
2231,2021-04-12,0,False,False
2232,2021-04-13,1,False,False
2233,2021-04-14,2,False,False
2234,2021-04-15,3,False,False
2235,2021-04-16,4,True,False
2236,2021-04-19,0,False,False
2237,2021-04-20,1,False,False
2238,2021-04-21,2,False,False
2239,2021-04-22,3,False,False
2240,2021-04-23,4,True,False
2241,2021-04-26,0,False,False
2242,2021-04-27,1,False,False
2243,2021-04-28,2,False,False
2244,2021-04-29,3,False,False
2245,2021-04-30,4,True,True
2246,2021-05-03,0,False,False
2247,2021-05-04,1,False,False
2248,2021-05-05,2,False,False
2249,2021-05-06,3,False,False
2250,2021-05-07,4,True,False
2251,2021-05-10,0,False,False
2252,2021-05-11,1,False,False
2253,2021-05-12,2,False,False
2254,2021-05-13,3,False,False
2255,2021-05-14,4,True,False
2256,2021-05-17,0,False,False
2257,2021-05-18,1,False,False
2258,2021-05-19,2,False,False
2259,2021-05-20,3,False,False
2260,2021-05-21,4,True,False
2261,2021-05-24,0,False,False
2262,2021-05-25,1,False,False
2263,2021-05-26,2,False,False
2264,2021-05-27,3,False,False
2265,2021-05-28,4,True,True
2266,2021-06-01,1,False,False
2267,2021-06-02,2,False,False
2268,2021-06-03,3,False,False
2269,2021-06-04,4,True,False
2270,2021-06-07,0,False,False
2271,2021-06-08,1,False,False
2272,2021-06-09,2,False,False
2273,2021-06-10,3,False,False
2274,2021-06-11,4,True,False
2275,2021-06-14,0,False,False
2276,2021-06-15,1,False,False
2277,2021-06-16,2,False,False
2278,2021-06-17,3,False,False
2279,2021-06-18,4,True,False
2280,2021-06-21,0,False,False
2281,2021-06-22,1,False,False
2282,2021-06-23,2,False,False
2283,2021-06-24,3,False,False
2284,2021-06-25,4,True,False
2285,2021-06-28,0,False,False
2286,2021-06-29,1,False,False
2287,2021-06-30,2,False,True
2288,2021-07-01,3,False,False
2289,2021-07-02,4,True,False
2290,2021-07-06,1,False,False
2291,2021-07-07,2,False,False
2292,2021-07-08,3,False,False
2293,2021-07-09,4,True,False
2294,2021-07-12,0,False,False
2295,2021-07-13,1,False,False
2296,2021-07-14,2,False,False
2297,2021-07-15,3,False,False
2298,2021-07-16,4,True,False
2299,2021-07-19,0,False,False
2300,2021-07-20,1,False,False
2301,2021-07-21,2,False,False
2302,2021-07-22,3,False,False
2303,2021-07-23,4,True,False
2304,2021-07-26,0,False,False
2305,2021-07-27,1,False,False
2306,2021-07-28,2,False,False
2307,2021-07-29,3,False,False
2308,2021-07-30,4,True,True
2309,2021-08-02,0,False,False
2310,2021-08-03,1,False,False
2311,2021-08-04,2,False,False
2312,2021-08-05,3,False,False
2313,2021-08-06,4,True,False
2314,2021-08-09,0,False,False
2315,2021-08-10,1,False,False
2316,2021-08-11,2,False,False
2317,2021-08-12,3,False,False
2318,2021-08-13,4,True,False
2319,2021-08-16,0,False,False
2320,2021-08-17,1,False,False
2321,2021-08-18,2,False,False
2322,2021-08-19,3,False,False
2323,2021-08-20,4,True,False
2324,2021-08-23,0,False,False
2325,2021-08-24,1,False,False
2326,2021-08-25,2,False,False
2327,2021-08-26,3,False,False
2328,2021-08-27,4,True,False
2329,2021-08-30,0,False,False
2330,2021-08-31,1,False,True
2331,2021-09-01,2,False,False
2332,2021-09-02,3,False,False
2333,2021-09-03,4,True,False
2334,2021-09-07,1,False,False
2335,2021-09-08,2,False,False
2336,2021-09-09,3,False,False
2337,2021-09-10,4,True,False
2338,2021-09-13,0,False,False
2339,2021-09-14,1,False,False
2340,2021-09-15,2,False,False
2341,2021-09-16,3,False,False
2342,2021-09-17,4,True,False
2343,2021-09-20,0,False,False
2344,2021-09-21,1,False,False
2345,2021-09-22,2,False,False
2346,2021-09-23,3,False,False
2347,2021-09-24,4,True,False
2348,2021-09-27,0,False,False
2349,2021-09-28,1,False,False
2350,2021-09-29,2,False,False
2351,2021-09-30,3,False,True
2352,2021-10-01,4,True,False
2353,2021-10-04,0,False,False
2354,2021-10-05,1,False,False
2355,2021-10-06,2,False,False
2356,2021-10-07,3,False,False
2357,2021-10-08,4,True,False
2358,2021-10-11,0,False,False
2359,2021-10-12,1,False,False
2360,2021-10-13,2,False,False
2361,2021-10-14,3,False,False
2362,2021-10-15,4,True,False
2363,2021-10-18,0,False,False
2364,2021-10-19,1,False,False
2365,2021-10-20,2,False,False
2366,2021-10-21,3,False,False
2367,2021-10-22,4,True,False
2368,2021-10-25,0,False,False
2369,2021-10-26,1,False,False
2370,2021-10-27,2,False,False
2371,2021-10-28,3,False,False
2372,2021-10-29,4,True,True
2373,2021-11-01,0,False,False
2374,2021-11-02,1,False,False
2375,2021-11-03,2,False,False
2376,2021-11-04,3,False,False
2377,2021-11-05,4,True,False
2378,2021-11-08,0,False,False
2379,2021-11-09,1,False,False
2380,2021-11-10,2,False,False
2381,2021-11-11,3,False,False
2382,2021-11-12,4,True,False
2383,2021-11-15,0,False,False
2384,2021-11-16,1,False,False
2385,2021-11-17,2,False,False
2386,2021-11-18,3,False,False
2387,2021-11-19,4,True,False
2388,2021-11-22,0,False,False
2389,2021-11-23,1,False,False
2390,2021-11-24,2,False,False
2391,2021-11-26,4,True,False
2392,2021-11-29,0,False,False
2393,2021-11-30,1,False,True
2394,2021-12-01,2,False,False
2395,2021-12-02,3,False,False
2396,2021-12-03,4,True,False
2397,2021-12-06,0,False,False
2398,2021-12-07,1,False,False
2399,2021-12-08,2,False,False
2400,2021-12-09,3,False,False
2401,2021-12-10,4,True,False
2402,2021-12-13,0,False,False
2403,2021-12-14,1,False,False
2404,2021-12-15,2,False,False
2405,2021-12-16,3,False,False
2406,2021-12-17,4,True,False
2407,2021-12-20,0,False,False
2408,2021-12-21,1,False,False
2409,2021-12-22,2,False,False
2410,2021-12-23,3,False,False
2411,2021-12-27,0,False,False
2412,2021-12-28,1,False,False
2413,2021-12-29,2,False,False
2414,2021-12-30,3,False,False
2415,2021-12-31,4,True,True
2416,2022-01-03,0,False,False
2417,2022-01-04,1,False,False
2418,2022-01-05,2,False,False
2419,2022-01-06,3,False,False
2420,2022-01-07,4,True,False
2421,2022-01-10,0,False,False
2422,2022-01-11,1,False,False
2423,2022-01-12,2,False,False
2424,2022-01-13,3,False,False
2425,2022-01-14,4,True,False
2426,2022-01-18,1,False,False
2427,2022-01-19,2,False,False
2428,2022-01-20,3,False,False
2429,2022-01-21,4,True,False
2430,2022-01-24,0,False,False
2431,2022-01-25,1,False,False
2432,2022-01-26,2,False,False
2433,2022-01-27,3,False,False
2434,2022-01-28,4,True,False
2435,2022-01-31,0,False,True
2436,2022-02-01,1,False,False
2437,2022-02-02,2,False,False
2438,2022-02-03,3,False,False
2439,2022-02-04,4,True,False
2440,2022-02-07,0,False,False
2441,2022-02-08,1,False,False
2442,2022-02-09,2,False,False
2443,2022-02-10,3,False,False
2444,2022-02-11,4,True,False
2445,2022-02-14,0,False,False
2446,2022-02-15,1,False,False
2447,2022-02-16,2,False,False
2448,2022-02-17,3,False,False
2449,2022-02-18,4,True,False
2450,2022-02-22,1,False,False
2451,2022-02-23,2,False,False
2452,2022-02-24,3,False,False
2453,2022-02-25,4,True,False
2454,2022-02-28,0,False,True
2455,2022-03-01,1,False,False
2456,2022-03-02,2,False,False
2457,2022-03-03,3,False,False
2458,2022-03-04,4,True,False
2459,2022-03-07,0,False,False
2460,2022-03-08,1,False,False
2461,2022-03-09,2,False,False
2462,2022-03-10,3,False,False
2463,2022-03-11,4,True,False
2464,2022-03-14,0,False,False
2465,2022-03-15,1,False,False
2466,2022-03-16,2,False,False
2467,2022-03-17,3,False,False
2468,2022-03-18,4,True,False
2469,2022-03-21,0,False,False
2470,2022-03-22,1,False,False
2471,2022-03-23,2,False,False
2472,2022-03-24,3,False,False
2473,2022-03-25,4,True,False
2474,2022-03-28,0,False,False
2475,2022-03-29,1,False,False
2476,2022-03-30,2,False,False
2477,2022-03-31,3,False,True
2478,2022-04-01,4,True,False
2479,2022-04-04,0,False,False
2480,2022-04-05,1,False,False
2481,2022-04-06,2,False,False
2482,2022-04-07,3,False,False
2483,2022-04-08,4,True,False
2484,2022-04-11,0,False,False
2485,2022-04-12,1,False,False
2486,2022-04-13,2,False,False
2487,2022-04-14,3,False,False
2488,2022-04-18,0,False,False
2489,2022-04-19,1,False,False
2490,2022-04-20,2,False,False
2491,2022-04-21,3,False,False
2492,2022-04-22,4,True,False
2493,2022-04-25,0,False,False
2494,2022-04-26,1,False,False
2495,2022-04-27,2,False,False
2496,2022-04-28,3,False,False
2497,2022-04-29,4,True,True
2498,2022-05-02,0,False,False
2499,2022-05-03,1,False,False
2500,2022-05-04,2,False,False
2501,2022-05-05,3,False,False
2502,2022-05-06,4,True,False
2503,2022-05-09,0,False,False
2504,2022-05-10,1,False,False
2505,2022-05-11,2,False,False
2506,2022-05-12,3,False,False
2507,2022-05-13,4,True,False
2508,2022-05-16,0,False,False
2509,2022-05-17,1,False,False
2510,2022-05-18,2,False,False
2511,2022-05-19,3,False,False
2512,2022-05-20,4,True,False
2513,2022-05-23,0,False,False
2514,2022-05-24,1,False,False
2515,2022-05-25,2,False,False
2516,2022-05-26,3,False,False
2517,2022-05-27,4,True,False
2518,2022-05-31,1,False,True
2519,2022-06-01,2,False,False
2520,2022-06-02,3,False,False
2521,2022-06-03,4,True,False
2522,2022-06-06,0,False,False
2523,2022-06-07,1,False,False
2524,2022-06-08,2,False,False
2525,2022-06-09,3,False,False
2526,2022-06-10,4,True,False
2527,2022-06-13,0,False,False
2528,2022-06-14,1,False,False
2529,2022-06-15,2,False,False
2530,2022-06-16,3,False,False
2531,2022-06-17,4,True,False
2532,2022-06-21,1,False,False
2533,2022-06-22,2,False,False
2534,2022-06-23,3,False,False
2535,2022-06-24,4,True,False
2536,2022-06-27,0,False,False
2537,2022-06-28,1,False,False
2538,2022-06-29,2,False,False
2539,2022-06-30,3,False,True
2540,2022-07-01,4,True,False
2541,2022-07-05,1,False,False
2542,2022-07-06,2,False,False
2543,2022-07-07,3,False,False
2544,2022-07-08,4,True,False
2545,2022-07-11,0,False,False
2546,2022-07-12,1,False,False
2547,2022-07-13,2,False,False
2548,2022-07-14,3,False,False
2549,2022-07-15,4,True,False
2550,2022-07-18,0,False,False
2551,2022-07-19,1,False,False
2552,2022-07-20,2,False,False
2553,2022-07-21,3,False,False
2554,2022-07-22,4,True,False
2555,2022-07-25,0,False,False
2556,2022-07-26,1,False,False
2557,2022-07-27,2,False,False
2558,2022-07-28,3,False,False
2559,2022-07-29,4,True,True
2560,2022-08-01,0,False,False
2561,2022-08-02,1,False,False
2562,2022-08-03,2,False,False
2563,2022-08-04,3,False,False
2564,2022-08-05,4,True,False
2565,2022-08-08,0,False,False
2566,2022-08-09,1,False,False
2567,2022-08-10,2,False,False
2568,2022-08-11,3,False,False
2569,2022-08-12,4,True,False
2570,2022-08-15,0,False,False
2571,2022-08-16,1,False,False
2572,2022-08-17,2,False,False
2573,2022-08-18,3,False,False
2574,2022-08-19,4,True,False
2575,2022-08-22,0,False,False
2576,2022-08-23,1,False,False
2577,2022-08-24,2,False,False
2578,2022-08-25,3,False,False
2579,2022-08-26,4,True,False
2580,2022-08-29,0,False,False
2581,2022-08-30,1,False,False
2582,2022-08-31,2,False,True
2583,2022-09-01,3,False,False
2584,2022-09-02,4,True,False
2585,2022-09-06,1,False,False
2586,2022-09-07,2,False,False
2587,2022-09-08,3,False,False
2588,2022-09-09,4,True,False
2589,2022-09-12,0,False,False
2590,2022-09-13,1,False,False
2591,2022-09-14,2,False,False
2592,2022-09-15,3,False,False
2593,2022-09-16,4,True,False
2594,2022-09-19,0,False,False
2595,2022-09-20,1,False,False
2596,2022-09-21,2,False,False
2597,2022-09-22,3,False,False
2598,2022-09-23,4,True,False
2599,2022-09-26,0,False,False
2600,2022-09-27,1,False,False
2601,2022-09-28,2,False,False
2602,2022-09-29,3,False,False
2603,2022-09-30,4,True,True
2604,2022-10-03,0,False,False
2605,2022-10-04,1,False,False
2606,2022-10-05,2,False,False
2607,2022-10-06,3,False,False
2608,2022-10-07,4,True,False
2609,2022-10-10,0,False,False
2610,2022-10-11,1,False,False
2611,2022-10-12,2,False,False
2612,2022-10-13,3,False,False
2613,2022-10-14,4,True,False
2614,2022-10-17,0,False,False
2615,2022-10-18,1,False,False
2616,2022-10-19,2,False,False
2617,2022-10-20,3,False,False
2618,2022-10-21,4,True,False
2619,2022-10-24,0,False,False
2620,2022-10-25,1,False,False
2621,2022-10-26,2,False,False
2622,2022-10-27,3,False,False
2623,2022-10-28,4,True,False
2624,2022-10-31,0,False,True
2625,2022-11-01,1,False,False
2626,2022-11-02,2,False,False
2627,2022-11-03,3,False,False
2628,2022-11-04,4,True,False
2629,2022-11-07,0,False,False
2630,2022-11-08,1,False,False
2631,2022-11-09,2,False,False
2632,2022-11-10,3,False,False
2633,2022-11-11,4,True,False
2634,2022-11-14,0,False,False
2635,2022-11-15,1,False,False
2636,2022-11-16,2,False,False
2637,2022-11-17,3,False,False
2638,2022-11-18,4,True,False
2639,2022-11-21,0,False,False
2640,2022-11-22,1,False,False
2641,2022-11-23,2,False,False
2642,2022-11-25,4,True,False
2643,2022-11-28,0,False,False
2644,2022-11-29,1,False,False
2645,2022-11-30,2,False,True
2646,2022-12-01,3,False,False
2647,2022-12-02,4,True,False
2648,2022-12-05,0,False,False
2649,2022-12-06,1,False,False
2650,2022-12-07,2,False,False
2651,2022-12-08,3,False,False
2652,2022-12-09,4,True,False
2653,2022-12-12,0,False,False
2654,2022-12-13,1,False,False
2655,2022-12-14,2,False,False
2656,2022-12-15,3,False,False
2657,2022-12-16,4,True,False
2658,2022-12-19,0,False,False
2659,2022-12-20,1,False,False
2660,2022-12-21,2,False,False
2661,2022-12-22,3,False,False
2662,2022-12-23,4,True,False
2663,2022-12-27,1,False,False
2664,2022-12-28,2,False,False
2665,2022-12-29,3,False,False
2666,2022-12-30,4,True,True
2667,2023-01-03,1,False,False
2668,2023-01-04,2,False,False
2669,2023-01-05,3,False,False
2670,2023-01-06,4,True,False
2671,2023-01-09,0,False,False
2672,2023-01-10,1,False,False
2673,2023-01-11,2,False,False
2674,2023-01-12,3,False,False
2675,2023-01-13,4,True,False
2676,2023-01-17,1,False,False
2677,2023-01-18,2,False,False
2678,2023-01-19,3,False,False
2679,2023-01-20,4,True,False
2680,2023-01-23,0,False,False
2681,2023-01-24,1,False,False
2682,2023-01-25,2,False,False
2683,2023-01-26,3,False,False
2684,2023-01-27,4,True,False
2685,2023-01-30,0,False,False
2686,2023-01-31,1,False,True
2687,2023-02-01,2,False,False
2688,2023-02-02,3,False,False
2689,2023-02-03,4,True,False
2690,2023-02-06,0,False,False
2691,2023-02-07,1,False,False
2692,2023-02-08,2,False,False
2693,2023-02-09,3,False,False
2694,2023-02-10,4,True,False
2695,2023-02-13,0,False,False
2696,2023-02-14,1,False,False
2697,2023-02-15,2,False,False
2698,2023-02-16,3,False,False
2699,2023-02-17,4,True,False
2700,2023-02-21,1,False,False
2701,2023-02-22,2,False,False
2702,2023-02-23,3,False,False
2703,2023-02-24,4,True,False
2704,2023-02-27,0,False,False
2705,2023-02-28,1,False,True
2706,2023-03-01,2,False,False
2707,2023-03-02,3,False,False
2708,2023-03-03,4,True,False
2709,2023-03-06,0,False,False
2710,2023-03-07,1,False,False
2711,2023-03-08,2,False,False
2712,2023-03-09,3,False,False
2713,2023-03-10,4,True,False
2714,2023-03-13,0,False,False
2715,2023-03-14,1,False,False
2716,2023-03-15,2,False,False
2717,2023-03-16,3,False,False
2718,2023-03-17,4,True,False
2719,2023-03-20,0,False,False
2720,2023-03-21,1,False,False
2721,2023-03-22,2,False,False
2722,2023-03-23,3,False,False
2723,2023-03-24,4,True,False
2724,2023-03-27,0,False,False
2725,2023-03-28,1,False,False
2726,2023-03-29,2,False,False
2727,2023-03-30,3,False,False
2728,2023-03-31,4,True,True
2729,2023-04-03,0,False,False
2730,2023-04-04,1,False,False
2731,2023-04-05,2,False,False
2732,2023-04-06,3,False,False
2733,2023-04-10,0,False,False
2734,2023-04-11,1,False,False
2735,2023-04-12,2,False,False
2736,2023-04-13,3,False,False
2737,2023-04-14,4,True,False
2738,2023-04-17,0,False,False
2739,2023-04-18,1,False,False
2740,2023-04-19,2,False,False
2741,2023-04-20,3,False,False
2742,2023-04-21,4,True,False
2743,2023-04-24,0,False,False
2744,2023-04-25,1,False,False
2745,2023-04-26,2,False,False
2746,2023-04-27,3,False,False
2747,2023-04-28,4,True,True
2748,2023-05-01,0,False,False
2749,2023-05-02,1,False,False
2750,2023-05-03,2,False,False
2751,2023-05-04,3,False,False
2752,2023-05-05,4,True,False
2753,2023-05-08,0,False,False
2754,2023-05-09,1,False,False
2755,2023-05-10,2,False,False
2756,2023-05-11,3,False,False
2757,2023-05-12,4,True,False
2758,2023-05-15,0,False,False
2759,2023-05-16,1,False,False
2760,2023-05-17,2,False,False
2761,2023-05-18,3,False,False
2762,2023-05-19,4,True,False
2763,2023-05-22,0,False,False
2764,2023-05-23,1,False,False
2765,2023-05-24,2,False,False
2766,2023-05-25,3,False,True
